:020000040800F2
:10000000005000200136000899270008A1270008A9
:10001000A9270008B1270008B92700080000000040
:10002000000000000000000000000000C1270008E0
:10003000CD27000800000000D9270008E5270008A8
:100040004936000849360008493600084936000894
:100050004936000849360008493600084936000884
:100060004936000849360008493600084936000874
:100070004936000849360008493600084936000864
:100080004936000849360008493600084936000854
:100090004936000849360008493600084936000844
:1000A00049360008F127000849360008493600089B
:1000B0004936000805280008493600084936000876
:1000C0004936000849360008493600084936000814
:1000D0004936000849360008493600084936000804
:1000E000493600084936000849360008000000007B
:1000F0000000000000000000000000000000000000
:0C01000000000000000000005FF808F1A3
:1001100010B5054C237833B9044B13B10448AFF341
:1001200000800123237010BDD401002000000000D6
:10013000F898000808B5034B1BB103490348AFF317
:10014000008008BD00000000D8010020F8980008D9
:1001500010F8012B11F8013B012A28BF9A42F7D071
:10016000D01A7047034613F8012B002AFBD1181A46
:100170000138704781F0004102E000BF83F0004386
:1001800030B54FEA41044FEA430594EA050F08BF32
:1001900090EA020F1FBF54EA000C55EA020C7FEAF6
:1001A000645C7FEA655C00F0E2804FEA5454D4EB73
:1001B0005555B8BF6D420CDD2C4480EA020281EA3D
:1001C000030382EA000083EA010180EA020281EA75
:1001D0000303362D88BF30BD11F0004F4FEA0131C7
:1001E0004FF4801C4CEA113102D0404261EB4101D6
:1001F00013F0004F4FEA03334CEA133302D052425C
:1002000063EB430394EA050F00F0A780A4F1010417
:10021000D5F1200E0DDB02FA0EFC22FA05F2801851
:1002200041F1000103FA0EF2801843FA05F3594137
:100230000EE0A5F120050EF1200E012A03FA0EFCB6
:1002400028BF4CF0020C43FA05F3C01851EBE371E0
:1002500001F0004507D54FF0000EDCF1000C7EEBFD
:1002600000006EEB0101B1F5801F1BD3B1F5001F3B
:100270000CD349085FEA30004FEA3C0C04F101045A
:100280004FEA445212F5800F80F09A80BCF1004F83
:1002900008BF5FEA500C50F1000041EB045141EA05
:1002A000050130BD5FEA4C0C404141EB0101013CCE
:1002B00028BFB1F5801FE9D291F0000F04BF0146BD
:1002C0000020B1FA81F308BF2033A3F10B03B3F18F
:1002D00020020CDA0C3208DD02F1140CC2F10C021F
:1002E00001FA0CF021FA02F10CE002F11402D8BF7D
:1002F000C2F1200C01FA02F120FA0CFCDCBF41EA49
:100300000C019040E41AA2BF01EB0451294330BD17
:100310006FEA04041F3C1CDA0C340EDC04F11404F4
:10032000C4F1200220FA04F001FA02F340EA0300CB
:1003300021FA04F345EA030130BDC4F10C04C4F111
:10034000200220FA02F001FA04F340EA03002946F1
:1003500030BD21FA04F0294630BD94F0000F83F43B
:10036000801306BF81F480110134013D4EE77FEA1E
:10037000645C18BF7FEA655C29D094EA050F08BF6A
:1003800090EA020F05D054EA000C04BF194610464B
:1003900030BD91EA030F1EBF0021002030BD5FEA8F
:1003A000545C05D14000494128BF41F0004130BDB7
:1003B00014F580043CBF01F5801130BD01F000450B
:1003C00045F0FE4141F470014FF0000030BD7FEA7E
:1003D000645C1ABF194610467FEA655C1CBF0B4679
:1003E000024650EA013406BF52EA033591EA030F90
:1003F00041F4002130BD00BF90F0000F04BF002188
:10040000704730B54FF4806404F132044FF00005BA
:100410004FF0000150E700BF90F0000F04BF002133
:10042000704730B54FF4806404F1320410F0004599
:1004300048BF40424FF000013EE700BF42004FEA94
:10044000E2014FEA31014FEA02701FBF12F07F4311
:1004500093F07F4F81F06051704732F07F4208BFC8
:10046000704793F07F4F04BF41F40021704730B5CF
:100470004FF4607401F0004521F000411CE700BF1B
:1004800050EA010208BF704730B54FF000050AE09E
:1004900050EA010208BF704730B511F0004502D59F
:1004A000404261EB41014FF4806404F132045FEAA1
:1004B000915C3FF4D8AE4FF003025FEADC0C18BF4A
:1004C00003325FEADC0C18BF033202EBDC02C2F13C
:1004D000200300FA03FC20FA02F001FA03FE40EACE
:1004E0000E0021FA02F11444BDE600BF70B54FF0D2
:1004F000FF0C4CF4E06C1CEA11541DBF1CEA1355B0
:1005000094EA0C0F95EA0C0F00F0DEF82C4481EA17
:10051000030621EA4C5123EA4C5350EA013518BF37
:1005200052EA033541F4801143F4801338D0A0FB24
:1005300002CE4FF00005E1FB02E506F00042E0FBD1
:1005400003E54FF00006E1FB03569CF0000F18BFD7
:100550004EF0010EA4F1FF04B6F5007F64F540747F
:1005600004D25FEA4E0E6D4146EB060642EAC62112
:1005700041EA55514FEAC52040EA5E504FEACE2E7F
:10058000B4F1FD0C88BFBCF5E06F1ED8BEF1004F82
:1005900008BF5FEA500E50F1000041EB045170BDFE
:1005A00006F0004646EA010140EA020081EA030142
:1005B000B4EB5C04C2BFD4EB0C0541EA045170BD3E
:1005C00041F480114FF0000E013C00F3AB8014F1B8
:1005D000360FDEBF002001F0004170BDC4F1000401
:1005E000203C35DA0C341BDC04F11404C4F1200582
:1005F00000FA05F320FA04F001FA05F240EA0200DD
:1006000001F0004221F0004110EBD37021FA04F612
:1006100042EB06015EEA430E08BF20EAD37070BDCC
:10062000C4F10C04C4F1200500FA04F320FA05F02B
:1006300001FA04F240EA020001F0004110EBD3702D
:1006400041F100015EEA430E08BF20EAD37070BD9D
:10065000C4F1200500FA05F24EEA020E20FA04F376
:1006600001FA05F243EA020321FA04F001F0004125
:1006700021FA04F220EA020000EBD3705EEA430E96
:1006800008BF20EAD37070BD94F0000F0FD101F0C5
:100690000046400041EB010111F4801F08BF013CFE
:1006A000F7D041EA060195F0000F18BF704703F03C
:1006B0000046520043EB030313F4801F08BF013DC3
:1006C000F7D043EA0603704794EA0C0F0CEA13557F
:1006D00018BF95EA0C0F0CD050EA410618BF52EA39
:1006E0004306D1D181EA030101F000414FF000003F
:1006F00070BD50EA410606BF1046194652EA43064D
:1007000019D094EA0C0F02D150EA013613D195EAC0
:100710000C0F05D152EA03361CBF104619460AD108
:1007200081EA030101F0004141F0FE4141F4700112
:100730004FF0000070BD41F0FE4141F4780170BD02
:1007400070B54FF0FF0C4CF4E06C1CEA11541DBF67
:100750001CEA135594EA0C0F95EA0C0F00F0A7F869
:10076000A4EB050481EA030E52EA03354FEA013196
:1007700000F088804FEA03334FF0805545EA1313A9
:1007800043EA12634FEA022245EA111545EA106571
:100790004FEA00260EF000419D4208BF964244F108
:1007A000FD0404F5407402D25B084FEA3202B61A27
:1007B00065EB03055B084FEA32024FF480104FF4FB
:1007C000002CB6EB020E75EB030E22BFB61A75466F
:1007D00040EA0C005B084FEA3202B6EB020E75EB02
:1007E000030E22BFB61A754640EA5C005B084FEA6A
:1007F0003202B6EB020E75EB030E22BFB61A754637
:1008000040EA9C005B084FEA3202B6EB020E75EB41
:10081000030E22BFB61A754640EADC0055EA060E02
:1008200018D04FEA051545EA16754FEA06164FEA45
:10083000C30343EA52734FEAC2025FEA1C1CC0D1F1
:1008400011F4801F0BD141EA00014FF000004FF07E
:10085000004CB6E711F4801F04BF01430020B4F13F
:10086000FD0C88BFBCF5E06F3FF6AFAEB5EB030CF7
:1008700004BFB6EB020C5FEA500C50F1000041EBF4
:10088000045170BD0EF0004E4EEA113114EB5C04C1
:10089000C2BFD4EB0C0541EA045170BD41F4801194
:1008A0004FF0000E013C90E645EA060E8DE60CEA9C
:1008B000135594EA0C0F08BF95EA0C0F3FF43BAFB9
:1008C00094EA0C0F0AD150EA01347FF434AF95EA70
:1008D0000C0F7FF425AF104619462CE795EA0C0F54
:1008E00006D152EA03353FF4FDAE1046194622E721
:1008F00050EA410618BF52EA43067FF4C5AE50EAFB
:1009000041047FF40DAF52EA43057FF4EBAE12E7EA
:100910004FF0FF3C06E000BF4FF0010C02E000BFCB
:100920004FF0010C4DF804CD4FEA410C7FEA6C5CAE
:100930004FEA430C18BF7FEA6C5C1BD001B050EA51
:10094000410C0CBF52EA430C91EA030F02BF90EA3C
:10095000020F0020704710F1000F91EA030F58BFFB
:10096000994208BF90422CBFD8176FEAE37040F05D
:10097000010070474FEA410C7FEA6C5C02D150EAFB
:10098000013C07D14FEA430C7FEA6C5CD6D152EAB6
:10099000033CD3D05DF8040B704700BF844610467B
:1009A00062468C461946634600E000BF01B5FFF77A
:1009B000B7FF002848BF10F1000F01BD4DF808ED4A
:1009C000FFF7F4FF0CBF012000205DF808FB00BF1B
:1009D0004DF808EDFFF7EAFF34BF012000205DF875
:1009E00008FB00BF4DF808EDFFF7E0FF94BF0120C2
:1009F00000205DF808FB00BF4DF808EDFFF7CEFFC3
:100A000094BF012000205DF808FB00BF4DF808ED01
:100A1000FFF7C4FF34BF012000205DF808FB00BFD2
:100A20004FEA410C7FEA6C5C02D150EA013C0AD1EA
:100A30004FEA430C7FEA6C5C02D152EA033C02D1DC
:100A40004FF0000070474FF0010070474FEA41023D
:100A500012F5001215D211D56FF47873B3EB625210
:100A600012D94FEAC12343F0004343EA505311F037
:100A7000004F23FA02F018BF404270474FF00000C9
:100A8000704750EA013005D111F0004008BF6FF007
:100A9000004070474FF00000704700BF80F00040FA
:100AA00002E000BF81F0004142001FBF5FEA410346
:100AB00092EA030F7FEA226C7FEA236C6AD04FEA46
:100AC0001262D2EB1363C1BFD2184140484041408B
:100AD000B8BF5B42192B88BF704710F0004F40F43D
:100AE000000020F07F4018BF404211F0004F41F459
:100AF000000121F07F4118BF494292EA030F3FD025
:100B0000A2F1010241FA03FC10EB0C00C3F1200337
:100B100001FA03F100F0004302D5494260EB4000C6
:100B2000B0F5000F13D3B0F1807F06D340084FEA31
:100B3000310102F10102FE2A51D2B1F1004F40EB26
:100B4000C25008BF20F0010040EA0300704749008E
:100B500040EB0000013A28BFB0F5000FEDD2B0FA2B
:100B600080FCACF1080CB2EB0C0200FA0CF0AABF4E
:100B700000EBC25052421843BCBFD04018437047EC
:100B800092F0000F81F4000106BF80F400000132F2
:100B9000013BB5E74FEA41037FEA226C18BF7FEAC9
:100BA000236C21D092EA030F04D092F0000F08BF0B
:100BB0000846704790EA010F1CBF0020704712F0F2
:100BC0007F4F04D1400028BF40F00040704712F131
:100BD00000723CBF00F50000704700F0004343F096
:100BE000FE4040F4000070477FEA226216BF0846CC
:100BF0007FEA23630146420206BF5FEA412390EA8F
:100C0000010F40F4800070474FF0000304E000BF84
:100C100010F0004348BF40425FEA000C08BF704735
:100C200043F0964301464FF000001CE050EA0102F9
:100C300008BF70474FF000030AE000BF50EA01020E
:100C400008BF704711F0004302D5404261EB4101FB
:100C50005FEA010C02BF84460146002043F0B64320
:100C600008BFA3F18053A3F50003BCFA8CF2083A45
:100C7000A3EBC25310DB01FA02FC634400FA02FC4E
:100C8000C2F12002BCF1004F20FA02F243EB020055
:100C900008BF20F00100704702F1200201FA02FCB7
:100CA000C2F1200250EA4C0021FA02F243EB0200AA
:100CB00008BF20EADC7070474FF0FF0C1CEAD052EE
:100CC0001EBF1CEAD15392EA0C0F93EA0C0F6FD0AF
:100CD0001A4480EA010C400218BF5FEA41211ED08D
:100CE0004FF0006343EA501043EA5111A0FB013179
:100CF0000CF00040B1F5000F3EBF490041EAD3714E
:100D00005B0040EA010062F17F02FD2A1DD8B3F1C9
:100D1000004F40EBC25008BF20F00100704790F038
:100D2000000F0CF0004C08BF49024CEA502040EA8A
:100D300051207F3AC2BFD2F1FF0340EAC250704750
:100D400040F400004FF00003013A5DDC12F1190F8E
:100D5000DCBF00F000407047C2F10002410021FA00
:100D600002F1C2F1200200FA02FC5FEA310040F118
:100D7000000053EA4C0308BF20EADC70704792F091
:100D8000000F00F0004C02BF400010F4000F013AC9
:100D9000F9D040EA0C0093F0000F01F0004C02BFC4
:100DA000490011F4000F013BF9D041EA0C018FE733
:100DB0000CEAD15392EA0C0F18BF93EA0C0F0AD039
:100DC00030F0004C18BF31F0004CD8D180EA01005F
:100DD00000F00040704790F0000F17BF90F0004FF8
:100DE000084691F0000F91F0004F14D092EA0C0FDA
:100DF00001D142020FD193EA0C0F03D14B0218BF6D
:100E0000084608D180EA010000F0004040F0FE40B2
:100E100040F40000704740F0FE4040F4400070474E
:100E20004FF0FF0C1CEAD0521EBF1CEAD15392EACD
:100E30000C0F93EA0C0F69D0A2EB030280EA010CBD
:100E400049024FEA402037D04FF0805343EA111156
:100E500043EA10130CF000408B4238BF5B0042F1B4
:100E60007D024FF4000C8B4224BF5B1A40EA0C0059
:100E7000B3EB510F24BFA3EB510340EA5C00B3EB8B
:100E8000910F24BFA3EB910340EA9C00B3EBD10F79
:100E900024BFA3EBD10340EADC001B0118BF5FEACB
:100EA0001C1CE0D1FD2A3FF650AF8B4240EBC250F4
:100EB00008BF20F0010070470CF0004C4CEA5020B5
:100EC0007F32C2BFD2F1FF0340EAC250704740F404
:100ED00000004FF00003013A37E792F0000F00F0F6
:100EE000004C02BF400010F4000F013AF9D040EA74
:100EF0000C0093F0000F01F0004C02BF490011F408
:100F0000000F013BF9D041EA0C0195E70CEAD153FF
:100F100092EA0C0F08D142027FF47DAF93EA0C0FE6
:100F20007FF470AF084676E793EA0C0F04D14B02CA
:100F30003FF44CAF08466EE730F0004C18BF31F07C
:100F4000004CCAD130F000427FF45CAF31F0004376
:100F50007FF43CAF5FE700BF4FF0FF3C06E000BF0F
:100F60004FF0010C02E000BF4FF0010C4DF804CD32
:100F70004FEA40024FEA41037FEA226C18BF7FEA42
:100F8000236C11D001B052EA530C18BF90EA010F44
:100F900058BFB2EB030088BFC81738BF6FEAE170D3
:100FA00018BF40F0010070477FEA226C02D15FEA6F
:100FB000402C05D17FEA236CE4D15FEA412CE1D0DB
:100FC0005DF8040B704700BF844608466146FFE7A2
:100FD0000FB5FFF7C9FF002848BF10F1000F0FBD84
:100FE0004DF808EDFFF7F4FF0CBF012000205DF87D
:100FF00008FB00BF4DF808EDFFF7EAFF34BF012002
:1010000000205DF808FB00BF4DF808EDFFF7E0FF9A
:1010100094BF012000205DF808FB00BF4DF808EDEB
:10102000FFF7D2FF94BF012000205DF808FB00BF4E
:101030004DF808EDFFF7C8FF34BF012000205DF830
:1010400008FB00BF4FEA4002B2F1FE4F0FD34FF052
:101050009E03B3EB12620DD94FEA002343F0004325
:1010600010F0004F23FA02F018BF404270474FF0D3
:101070000000704712F1610F01D1420205D110F05A
:10108000004008BF6FF0004070474FF0000070470D
:1010900080B483B000AF78600B46FB70FB78002B08
:1010A00004D07B6803221A7001230CE07B681B7854
:1010B000002B07D07B681B78013BDAB27B681A7083
:1010C000012300E0002318460C37BD4680BC704762
:1010D00080B582B000AF78601C220021786805F0EE
:1010E000BCFE7B68074A1A607B68064A5A607B68C8
:1010F000044A9A607B68044ADA6000BF0837BD463C
:1011000080BD00BF0000C843CDCCC742B0B586B09B
:1011100000AF78603960002002F050FA02467B6828
:101120001A60012002F04AFA02467B685A600220E7
:1011300002F044FA02467B689A603B689B689F49CC
:101140001846FFF76DFE03467B617B681B689C4970
:101150001846FFF765FE03463B614FF07C51786906
:10116000FFF766FF0346002B2DD07B681B6895496F
:101170001846FFF73FFF0346002B24D079693869F2
:10118000FFF74EFE03461A467B68DA607B68DB6831
:101190004FF000011846FFF72DFF0346002B02D049
:1011A0004FF000030CE07B68DB6887491846FFF7C7
:1011B0003FFF0346002B01D0834B01E07B68DB68D7
:1011C0007A68D36002E07B687F4ADA607B681B68DC
:1011D0007E491846FFF70EFF0346002B09D17B68B6
:1011E000DB684FF07F511846FFF704FF0346002BE2
:1011F00001D0012300E00023FB737B681B68744966
:101200001846FFF7F7FE0346002B08D17B68DB6822
:1012100070491846FFF7EEFE0346002B01D001236C
:1012200000E00023BB737B681733FA7B1146184636
:10123000FFF72EFF0346002B06D07B6800221A76AC
:101240007B6802221A7410E07B681833BA7B11465F
:101250001846FFF71DFF0346002B03D07B680122D1
:101260001A7402E07B6800221A747B685B685A4932
:101270001846FFF7BFFE0346002B0AD03B689B6869
:1012800052491846FFF7D4FE0346002B01D0012334
:1012900000E000237B737B689B684F491846FFF78B
:1012A000A9FE0346002B0AD03B689B6847491846B5
:1012B000FFF7BEFE0346002B01D0012300E0002310
:1012C0003B737B6819337A7B11461846FFF7E0FEC3
:1012D00003461A467B685A747B681A333A7B114678
:1012E0001846FFF7D5FE03461A467B689A747B685A
:1012F00003F11B043B689B680122154637491846D9
:10130000FFF796FE0346002B01D100231D46EBB2EA
:1013100019462046FFF7BCFE03461A467B68DA747E
:101320007B681B7C022B03D17B6803229A751AE031
:101330007B681B7C012B03D17B6802229A7512E02B
:101340007B685B7C002B07D17B689B7C002B03D1E7
:101350007B68DB7C002B03D07B6801229A7502E05E
:101360007B6800229A757B681B7C002B14BF0123CD
:101370000023DBB21A464FF48071194803F0C1F81C
:101380007B685B7C002B14BF01230023DBB21A4671
:101390004FF40071124803F0B4F87B689B7C002B7B
:1013A00014BF01230023DBB21A464FF480610C48BE
:1013B00003F0A7F800BF1837BD46B0BD66666640AB
:1013C0000000C84200004843CDCCC7420000A04105
:1013D00000004842000040400000F0410000F042A0
:1013E000000C014080B582B000AF78602822002157
:1013F000786805F032FD7B68094A5A617B680122F2
:1014000083F824207B68074A1A617B68064A9A6041
:101410007B68002283F8252000BF0837BD4680BDC9
:101420000000C8420000C8410000A04180B586B05D
:1014300000AF786007F10C0300221A605A609A60CE
:101440007B68FB6001233B6106237B6107F10C0392
:1014500019460A4802F018FC084802F055FA4FF005
:10146000FF31064802F0FEFA044802F001FC034690
:101470009BB218461837BD4680BD00BF4C02002005
:1014800080B582B000AF78600020FFF7CFFF034641
:101490001A464C4B1A600120FFF7C8FF03461A4654
:1014A000484B5A600320FFF7C1FF03461A46454BDD
:1014B000DA60444B1B681846FFF7A6FB0346424917
:1014C0001846FFF7ADFC034640491846FFF7F4FB0A
:1014D00003463E491846FFF7ABFD0346002B01D0FB
:1014E0003A4A10E0374B1B681846FFF78DFB03465E
:1014F00035491846FFF794FC034634491846FFF770
:10150000DBFB03461A467B681A602E4B5B68184665
:10151000FFF77AFB03462C491846FFF781FC034688
:101520002A491846FFF7C8FB034628491846FFF723
:101530007FFD0346002B01D0244A10E0214B5B685D
:101540001846FFF761FB03461F491846FFF768FC82
:1015500003461E491846FFF7AFFB03461A467B6851
:101560005A60184BDB681846FFF74EFB03461649D6
:101570001846FFF755FC034615491846FFF79CFB34
:10158000034613491846FFF753FD0346002B01D0CD
:101590000F4A10E00B4BDB681846FFF735FB03469C
:1015A00009491846FFF73CFC034609491846FFF76E
:1015B00083FB03461A467B681A6100BF0837BD46A5
:1015C00080BD00BFF001002000F07F450000C84250
:1015D0000000F04290B591B000AF786039607B6850
:1015E00093F82530042B4DD801A252F823F000BF08
:1015F00005160008351600083F1600085D1600089D
:101600007B1600087B684FF00002DA607B684FF0C1
:1016100000029A617B681B684FF080411846FFF713
:1016200007FD0346002B00D1C1E17B68012283F84E
:101630002520BCE17B68022283F82520B7E17B6886
:101640005B6897491846FFF7F3FC0346002B00D16F
:1016500018E07B68032283F8252013E07B685B6831
:101660008F491846FFF7D0FC0346002B00D109E054
:101670007B68022283F8252004E07B684FF000029B
:10168000DA6094E17B6893F824301A46854B53F86E
:101690002230FB637B681B6883491846FFF7C0FB59
:1016A000034682491846FFF707FB0346F96B1846C5
:1016B000FFF702FB03461A467B68DA607B685B68CB
:1016C00077491846FFF7B4FC0346002B1AD07B6815
:1016D0005B6877491846FFF7EFFA03461A467B68BE
:1016E0009A617B689B6970491846FFF799FB03462E
:1016F00083F000436F491846FFF7DEFA03461A46A7
:101700007B68DA607B689B686B491846FFF788FB4B
:101710000346BB63BB6B19461846FFF7C5F9034682
:101720007B637B68DB68796B1846FFF7BBF9034680
:1017300062491846FFF774FB03463B637B689C686D
:101740003968386BFFF7B8FA03465B491846FFF76C
:10175000B3FA034619462046FFF7A6F903464FF0B1
:1017600000011846FFF746FC0346002B02D04FF05D
:1017700000032AE07B689C683968386BFFF79CFAA5
:1017800003464D491846FFF797FA03461946204687
:10179000FFF78AF903464A491846FFF749FC034612
:1017A000002B01D0464B10E07B689C683968386B91
:1017B000FFF782FA034640491846FFF77DFA0346D1
:1017C00019462046FFF770F903467A6893607B68F4
:1017D0009B6839491846FFF723FB0346FB627B6889
:1017E000DB68F96A1846FFF767FA03463549184679
:1017F000FFF716FB0346BB627B68DB682B49184684
:10180000FFF70EFB03467B62796A786AFFF754FAAA
:10181000034623491846FFF74FFA03463B62396AED
:10182000B86AFFF741F903461A467B68DA617B68BC
:10183000DB6939681846FFF73FFA03462249184624
:10184000FFF7EEFA034618491846FFF735FA034644
:101850001B491846FFF730FA0346FB617B685B695A
:10186000F9691846FFF71EF903464FF000011846C4
:10187000FFF7C0FB0346002B02D04FF000032CE023
:101880007B685B69F9691846FFF70CF9034606495E
:101890001846FFF7CDFB0346002B17D0024B1CE088
:1018A0000000A0406C9F00080000C84200001643E2
:1018B0003333333F0000A042666666400000964224
:1018C0000000FA4300007A4400F052487B685B69EC
:1018D000F9691846FFF7E6F803467A6853617B68B2
:1018E00093F82430002B01D1324B00E0324BBB6126
:1018F0007B685B6931491846FFF792FA0346304925
:101900001846FFF7D9F903462E491846FFF7D4F9D0
:1019100003467B61B9697869FFF782FA03461A4684
:101920007B681A627B68DB6923F00043264918460E
:10193000FFF7C2F903463B617B681B6923491846E0
:10194000FFF7B0F8034622491846FFF7B5F90346FA
:10195000FB607B681C69F9683869FFF7A3F80346E8
:1019600039681846FFF7A8F9034619462046FFF7DD
:101970009BF803461A467B681A617B681B6913490A
:101980001846FFF737FB0346002B01D00F4B0CE046
:101990007B681B690F491846FFF74AFB0346002B7B
:1019A00001D00C4B01E07B681B697A6813614437F6
:1019B000BD4690BD00006041000090410000C8425B
:1019C0000000704200007A44CDCC4C3D0000C8417C
:1019D0000AD7233C0000024380B483B000AF786094
:1019E0000B46FB70FB78022B03D87B68FA7883F8F0
:1019F000242000BF0C37BD4680BC704780B582B044
:101A000000AF786039604FF000013868FFF7F2FAF4
:101A10000346002B02D04FF0000309E00749386865
:101A2000FFF706FB0346002B01D0044B00E03B68A8
:101A30007A68936000BF0837BD4680BD0000FA4356
:101A400080B582B000AF786039604FF0000138682F
:101A5000FFF7D0FA0346002B02D04FF0000309E055
:101A600007493868FFF7E4FA0346002B01D0044B1E
:101A700000E03B687A68536100BF0837BD4680BD0F
:101A80000000C84280B582B000AF786039604FF086
:101A900000013868FFF7AEFA0346002B02D04FF082
:101AA000000309E007493868FFF7C2FA0346002B34
:101AB00001D0044B00E03B687A68136100BF08372F
:101AC000BD4680BD0000024380B483B000AF7860A3
:101AD0007B6800221A707B6800225A7000BF0C37A6
:101AE000BD4680BC7047000080B586B000AFF8608E
:101AF000B9607A600023FB75BB681B6926491846EC
:101B0000FFF78CFA0346002B03D0FB7D43F0010363
:101B1000FB75BB685B694FF080411846FFF774FAAC
:101B20000346002B03D0FB7D43F00203FB757B686B
:101B30001B7C022B09D1002001F050FD0346002B35
:101B400003D0FB7D43F00403FB75FB68FA7D1A703C
:101B5000FB681B78002B0DD0FB6801225A70BB6814
:101B6000042283F8252001224FF400610B4802F083
:101B7000C8FC0CE0FB6800225A70BB68022283F8A4
:101B8000252000224FF40061044802F0BAFC00BF97
:101B90001837BD4680BD00BF0000B442000C0140B4
:101BA00080B582B000AF786039607B6800221A701F
:101BB0007B6800225A703B68002283F825203B682E
:101BC0004FF000029A603B684FF00002DA603B6819
:101BD000074A1A613B68074A5A6100224FF40061C4
:101BE000054802F08EFC00BF0837BD4680BD00BF2F
:101BF0000000C8410000A042000C014080B483B046
:101C000000AF78607B681B68094A934202D1094B98
:101C100001221A707B681B68074A934202D1074B66
:101C200001221A7000BF0C37BD4680BC704700BF50
:101C3000002C014046020020000400404702002022
:101C400080B582B000AF01F001FD00F0AFF900F007
:101C5000ABFB00F007FA00F07DFB00F041FA00F06A
:101C6000DFFA00F029FB304803F030FA2F4803F088
:101C70002DFA2F4803F02AFA01222E492E4804F0AB
:101C800095F92E48FFF7AEFB01F072FB2C48FFF7E9
:101C90001FFA2C48FFF718FF2A4B294A27492648E4
:101CA00001F0ACFA0220FFF7C1FB03461846FEF72D
:101CB000ABFF03467B6079682048FFF7C1FE224BEB
:101CC0001B78DBB2002B18D01F4B00221A701B4868
:101CD000FFF7D6FB1D491948FFF77CFC1C4B1B780E
:101CE0000133DAB21A4B1A70194B1B78092B04D93D
:101CF000174B00221A7000F02FF8164B1B78DBB23E
:101D0000012BDCD1134B00221A7001F03BFC0B4974
:101D10000B48FFF7FBF90A4A08490A48FFF7E4FEB7
:101D200001F0A2FACBE700BF7C020020C402002031
:101D30000C03002048020020540300200002002071
:101D40002802002044020020460200200AD7233C3B
:101D50004902002047020020B0B5C4B008AF8B4B49
:101D60009B681846FFF76EF90346C7F8EC30874BBF
:101D70009B6887491846FEF79FFF03461846FFF702
:101D800061F90246834B83FB02139910D317C91ADA
:101D90000B469B000B445B00D31AC7F8E8307B4B23
:101DA0005B691846FFF74EF90346C7F8E430774BF6
:101DB0005B6977491846FEF77FFF03461846FFF731
:101DC00041F90246734B83FB02139910D317C91ACA
:101DD0000B469B000B445B00D31AC7F8E0306B4BFB
:101DE0001B691846FFF72EF90346C7F8DC30674B2E
:101DF0001B6967491846FEF75FFF03461846FFF761
:101E000021F90246634B83FB02139910D317C91AB9
:101E10000B469B000B445B00D31AC7F8D8305B4BD2
:101E2000DB681846FFF70EF90346C7F8D430574B66
:101E30001B681846FFF706F90346C7F8D030534B26
:101E40005B681846FFF7FEF80346C7F8CC304F4BE7
:101E50001B6A1846FFF7F6F80346C7F8C8304E4B22
:101E6000DB681846FFF7EEF80346C7F8C4304A4B64
:101E7000DB6847491846FEF71FFF03461846FFF781
:101E8000E1F80246434B83FB02139910D317C91A9A
:101E90000B469B000B445B00D31AC7F8C0303E4B87
:101EA0001B681846FFF7CEF80346C7F8BC303A4B1C
:101EB0005B681846FFF7C6F80346C7F8B830364BDC
:101EC0009B681846FFF7BEF80346C7F8B43038469B
:101ED000D7F8CC300793D7F8D0300693D7F8C8306E
:101EE0000593D7F8D8300493D7F8DC300393D7F8AC
:101EF000D4300293D7F8E0300193D7F8E430009360
:101F0000D7F8E830D7F8EC20244904F013FF3B461B
:101F10001846FEF727F903469AB23946642320484B
:101F200003F0B9FF1C4B1B7C1A461B4B5B7C19460C
:101F3000194B9B7C1C46184B9B7D1D46194B1B78EF
:101F4000384607930695059404910392D7F8C0305C
:101F50000293D7F8C4300193D7F8B4300093D7F880
:101F6000B830D7F8BC20104904F0E4FE3B461846D0
:101F7000FEF7F8F803469AB239466423084803F09E
:101F80008AFF00BFF037BD46B0BD00BF0002002091
:101F9000000020416766666628020020109900084C
:101FA00054030020440200204C99000880B594B0EE
:101FB00000AF07F1280328220021184604F04DFF46
:101FC00007F1140300221A605A609A60DA601A61FD
:101FD0003B1D00221A605A609A60DA600123BB62DE
:101FE0004FF48033FB6200233B630123BB63022376
:101FF0007B644FF48033BB644FF4E013FB6407F160
:102000002803184602F096FA0346002B01D000F090
:1020100045FA0F237B610223BB610023FB614FF470
:1020200080633B6200237B6207F1140302211846A0
:1020300002F002FD0346002B01D000F02FFA02232C
:102040007B604FF40043FB603B1D184602F082FEAC
:102050000346002B01D000F021FA00BF5037BD46E7
:1020600080BD000080B584B000AF3B1D00221A6027
:102070005A609A60184B194A1A60174B00229A60EE
:10208000154B00221A73144B00221A75124B4FF491
:102090006022DA61104B00225A600F4B01221A6154
:1020A0000D4801F059FB0346002B01D000F0F6F972
:1020B00000237B600123BB600023FB603B1D1946AE
:1020C000054801F0E1FD0346002B01D000F0E6F9E0
:1020D00000BF1037BD4680BD4C02002000240140E7
:1020E00080B596B000AF07F1480300221A605A602D
:1020F0009A60DA6007F1400300221A605A6007F123
:10210000240300221A605A609A60DA601A615A61E8
:102110009A613B1D20220021184604F09EFE3E4B92
:102120003E4A1A603C4B47225A603B4B00229A6061
:10213000394B42F20F72DA60374B00221A61364B8C
:1021400000225A61344B00229A61334802F06EFF3C
:102150000346002B01D000F0A1F94FF48053BB647B
:1021600007F1480319462C4803F00CFA0346002BEC
:1021700001D000F093F9284802F0FAFF0346002B43
:1021800001D000F08BF900233B6400237B6407F14E
:1021900040031946204803F06DFD0346002B01D093
:1021A00000F07CF960237B620023BB620023FB62AA
:1021B00000233B6300237B630023BB630023FB639B
:1021C00007F1240300221946134803F019F90346C6
:1021D000002B01D000F062F900237B600023BB607C
:1021E0000023FB6000233B6100237B614FF400531D
:1021F000BB6100233B623B1D1946074803F098FD75
:102200000346002B01D000F049F9034800F022FA00
:1022100000BF5837BD4680BD7C020020002C014025
:1022200080B586B000AF07F1080300221A605A603B
:102230009A60DA603B4600221A605A601D4B4FF0EC
:1022400080421A601B4B47225A601A4B00229A6048
:10225000184B4FF6FF72DA60164B00221A61154BCD
:1022600000229A61134802F0E1FE0346002B01D0E0
:1022700000F014F94FF48053BB6007F108031946CE
:102280000C4803F07FF90346002B01D000F006F95B
:1022900000233B6000237B603B461946054803F062
:1022A000E9FC0346002B01D000F0F8F800BF183716
:1022B000BD4680BD0C03002080B586B000AF07F19D
:1022C000080300221A605A609A60DA603B460022D6
:1022D0001A605A601D4B1E4A1A601C4B41F61F4281
:1022E0005A601A4B00229A60184B40F2E732DA60CB
:1022F000164B00221A61154B00229A61134802F016
:1023000095FE0346002B01D000F0C8F84FF480532F
:10231000BB6007F1080319460C4803F033F9034684
:10232000002B01D000F0BAF800233B6000237B6053
:102330003B461946054803F09DFC0346002B01D09F
:1023400000F0ACF800BF1837BD4680BDC4020020C5
:102350000004004080B500AF114B124A1A60104BC8
:102360004FF4E1325A600E4B00229A600C4B00226F
:10237000DA600B4B00221A61094B0C225A61084BA0
:1023800000229A61064B0022DA61054803F033FD12
:102390000346002B01D000F081F800BF80BD00BFD4
:1023A000540300200038014080B588B000AF07F129
:1023B000100300221A605A609A60DA60344B9B69FD
:1023C000334A43F010039361314B9B6903F01003D0
:1023D000FB60FB682E4B9B692D4A43F02003936101
:1023E0002B4B9B6903F02003BB60BB68284B9B69A8
:1023F000274A43F004039361254B9B6903F00403D0
:102400007B607B68224B9B69214A43F00803936100
:102410001F4B9B6903F008033B603B6800224FF4AD
:1024200000511C4802F06DF8002240F615711A4860
:1024300002F067F84FF400533B6101237B610223F4
:10244000BB610223FB6107F110031946114801F03B
:10245000BDFE40F615733B6101237B610023BB6128
:102460000223FB6107F1100319460B4801F0AEFE91
:102470002A233B6100237B610023BB6107F110032A
:102480001946054801F0A2FE00BF2037BD4680BDB9
:102490000010024000100140000C014080B400AF69
:1024A00072B600BF00BFFDE780B485B000AF154B2A
:1024B0009B69144A43F001039361124B9B6903F03B
:1024C0000103BB60BB680F4BDB690E4A43F08053CE
:1024D000D3610C4BDB6903F080537B607B680A4B54
:1024E0005B68FB60FB6823F0E063FB60FB6843F024
:1024F0000073FB60044AFB68536000BF1437BD469D
:1025000080BC7047001002400000014080B588B0D8
:1025100000AF786007F1100300221A605A609A60D9
:10252000DA607B681B68144A934221D1134B9B6984
:10253000124A43F400739361104B9B6903F40073D8
:10254000FB60FB680D4B9B690C4A43F004039361ED
:102550000A4B9B6903F00403BB60BB680F233B611C
:1025600003237B6107F110031946054801F02EFE95
:1025700000BF2037BD4680BD00240140001002404E
:102580000008014080B586B000AF78607B681B68AA
:102590002C4A934214D12C4B9B692B4A43F4006381
:1025A0009361294B9B6903F400637B617B69002283
:1025B0000021192001F0D3FD192001F0ECFD3CE0D1
:1025C0007B681B68B3F1804F0CD11F4BDB691E4A3F
:1025D00043F00103D3611C4BDB6903F001033B6152
:1025E0003B692AE07B681B68184A934214D1164B5A
:1025F000DB69154A43F00203D361134BDB6903F037
:102600000203FB60FB68002200211D2001F0A7FDF2
:102610001D2001F0C0FD10E07B681B680C4A93424E
:102620000BD1094BDB69084A43F00403D361064B25
:10263000DB6903F00403BB60BB6800BF1837BD460D
:1026400080BD00BF002C014000100240000400408B
:102650000008004080B588B000AF786007F1100333
:1026600000221A605A609A60DA607B681B681F4A11
:10267000934219D11E4B9B691D4A43F00403936199
:102680001B4B9B6903F00403FB60FB684FF48073F2
:102690003B6102237B610223FB6107F110031946B2
:1026A000144801F093FD1CE07B681B68124A9342BA
:1026B00017D10F4B9B690E4A43F0080393610C4BF3
:1026C0009B6903F00803BB60BB6840233B610223A6
:1026D0007B610223FB6107F110031946074801F0F3
:1026E00075FD00BF2037BD4680BD00BF002C0140F6
:1026F000001002400008014000080040000C0140AA
:1027000080B588B000AF786007F1100300221A602E
:102710005A609A60DA607B681B681C4A934231D128
:102720001B4B9B691A4A43F480439361184B9B6986
:1027300003F48043FB60FB68154B9B69144A43F02C
:1027400004039361124B9B6903F00403BB60BB68F5
:102750004FF400733B6102237B610323FB6107F1AC
:10276000100319460B4801F031FD4FF480633B61C3
:1027700000237B610023BB6107F110031946054864
:1027800001F024FD00BF2037BD4680BD0038014068
:10279000001002400008014080B400AF00BFFDE718
:1027A00080B400AF00BFFDE780B400AF00BFFDE71D
:1027B00080B400AF00BFFDE780B400AF00BFFDE70D
:1027C00080B400AF00BFBD4680BC704780B400AF8E
:1027D00000BFBD4680BC704780B400AF00BFBD469F
:1027E00080BC704780B500AF00F076FF00BF80BDB1
:1027F00080B500AF024802F013FD00BF80BD00BFEE
:102800007C02002080B500AF024802F009FD00BF45
:1028100080BD00BFC402002080B400AF0123184671
:10282000BD4680BC704780B582B000AF786039602B
:1028300004F066FB034616221A604FF0FF33184679
:102840000837BD4680BD80B582B000AF78604FF0DC
:10285000FF317868FFF7E7FF00BFFDE780B586B07E
:1028600000AFF860B9607A6000237B610AE0AFF3E3
:1028700000800146BB685A1CBA60CAB21A707B69F4
:1028800001337B617A697B689A42F0DB7B6818468A
:102890001837BD4680BD80B586B000AFF860B9601E
:1028A0007A6000237B6109E0BB685A1CBA601B7820
:1028B0001846AFF300807B6901337B617A697B68DE
:1028C0009A42F1DB7B6818461837BD4680BD80B45C
:1028D00083B000AF78604FF0FF3318460C37BD4629
:1028E00080BC704780B483B000AF786039603B68CB
:1028F0004FF400525A60002318460C37BD4680BC86
:10290000704780B483B000AF7860012318460C375D
:10291000BD4680BC704780B485B000AFF860B96038
:102920007A60002318461437BD4680BC704700000B
:1029300080B586B000AF7860144A154BD31A7B611E
:102940007B693B61134B1B68002B02D1114B124A70
:102950001A60104B1A687B6813443A699A4207D28E
:1029600004F0CEFA03460C221A604FF0FF3309E060
:10297000084B1B68FB60074B1A687B681344054AC9
:102980001360FB6818461837BD4680BD0050002014
:10299000000400009C030020E805002080B400AF84
:1029A00000BFBD4680BC704780B400AFBFF34F8FFF
:1029B00000BF064BDB6803F4E0620449044B134399
:1029C000CB60BFF34F8F00BF00BFFDE700ED00E01D
:1029D0000400FA0580B483B000AF7860154BB3F8FB
:1029E0008430002B01D100231FE0124BB3F882305A
:1029F0001A46104B9A5C7B681A700E4BB3F8823003
:102A000001335A4203F07F0302F07F0258BF534262
:102A10009AB2084BA3F88220064BB3F88430013BEE
:102A20009AB2044BA3F88420012318460C37BD4604
:102A300080BC7047B003002090B583B000AF7860D1
:102A4000074B1C687868FDF78DFB03469AB2C823D4
:102A50007968204603F01FFA00BF0C37BD4690BDD1
:102A6000A003002090B5C3B000AFC94B1B689B68A2
:102A70001846FEF7E7FA0346C7F80431C44B1B6853
:102A80009B68C4491846FEF717F903461846FEF737
:102A9000D9FA0246C04B83FB02139910D317C91A07
:102AA0000B469B000B445B00D31AC7F80031B84BB0
:102AB0001B685B691846FEF7C5FA0346C7F8FC3089
:102AC000B34B1B685B69B3491846FEF7F5F803463C
:102AD0001846FEF7B7FA0246AF4B83FB0213991074
:102AE000D317C91A0B469B000B445B00D31AC7F8D7
:102AF000F830A74B1B681B691846FEF7A3FA03467C
:102B0000C7F8F430A24B1B681B69A2491846FEF7B0
:102B1000D3F803461846FEF795FA02469E4B83FB10
:102B200002139910D317C91A0B469B000B445B0084
:102B3000D31AC7F8F030964B1B68DB681846FEF7CF
:102B400081FA0346C7F8EC30914B1B681B6A1846A4
:102B5000FEF778FA0346C7F8E830904A07F1140305
:102B600007CA83E807008E48FFF766FF07F12000D9
:102B7000D7F80031D7F804218A4904F0DBF807F1CF
:102B800020031846FFF758FF07F12000D7F8F83068
:102B9000D7F8FC20844904F0CDF807F1200318464B
:102BA000FFF74AFF07F12003D7F8EC207F491846CA
:102BB00004F0C0F807F120031846FFF73DFF07F1C6
:102BC0002000D7F8F030D7F8F420794904F0B2F8B3
:102BD00007F120031846FFF72FFF07F12003D7F86E
:102BE000E8207449184604F0A5F807F120031846B8
:102BF000FFF722FF664B1B6893F824309B0003F518
:102C000084733B4453F8F42C07F120036A491846B7
:102C100004F090F807F120031846FFF70DFF5C4B16
:102C20001B681B681846FEF70DFA024607F12003E1
:102C30006249184604F07EF807F120031846FFF7B2
:102C4000FBFE534B1B685B681846FEF7FBF9024618
:102C500007F120035A49184604F06CF807F12003E5
:102C60001846FFF7E9FE5748FFF7E6FE564B1B688C
:102C70001B681846FEF7E6F9024607F120035349A0
:102C8000184604F057F807F120031846FFF7D4FE62
:102C90004D4B1B685B681846FEF7D4F9024607F1F6
:102CA00020034B49184604F045F807F12003184665
:102CB000FFF7C2FE444B1B689B681846FEF7C2F93B
:102CC000024607F120034349184604F033F807F1A0
:102CD00020031846FFF7B0FE3B4B1B68DB68184625
:102CE000FEF7B0F90446384B1B68DB6829491846E3
:102CF000FDF7E2FF03461846FEF7A4F90146264B0E
:102D000083FB01239A10CB17D21A13469B0013445E
:102D10005B00CA1A07F12000134622462E4904F030
:102D200009F807F120031846FFF786FE264B1B68BB
:102D30001B7C1A4607F120032849184603F0FAFFC6
:102D400007F120031846FFF777FE07F58473A3F514
:102D50008273234A1C4613460FCB84E80F001A4B9C
:102D60001B689B7D1A4607F58473A3F5827353F89D
:102D7000222007F120031B49184603F0DBFF07F16F
:102D800020031846FFF758FE1748FFF755FE2DE0C1
:102D9000A40300200000204167666666CC9B000803
:102DA00088990008A8990008C4990008DC990008CF
:102DB000F4990008109A0008289A00083C9A000824
:102DC000549A00086C9A0008A80300207C9A000816
:102DD000949A0008AC9A0008C49A0008DC9A00088B
:102DE000009C0008F09A0008049B00081B4B1B681D
:102DF0001B781A46194B1B685B7807F120001849AD
:102E000003F098FF07F120031846FFF715FE134B58
:102E10001B681B7803F00103002B02D01148FFF759
:102E20000BFE0E4B1B681B7803F00203002B02D035
:102E30000D48FFF701FE094B1B681B7803F00403E4
:102E4000002B02D00948FFF7F7FD0948FFF7F4FD12
:102E500000BF07F58677BD4690BD00BFAC030020DC
:102E6000149B0008389B0008589B0008749B0008BE
:102E7000989B000880B594B000AF786007F13003EC
:102E800020220021184603F0E8FF07F1100320225A
:102E90000021184603F0E1FF4FF00003FB6007F14B
:102EA00030031A46AF49786803F066FF0346012BEA
:102EB00037D107F13003AC491846FDF749F903460D
:102EC000002B06D1A94B1B6800211846FEF784FD94
:102ED00023E007F13003A6491846FDF739F9034608
:102EE000002B06D1A14B1B6801211846FEF774FD8B
:102EF00013E007F130039F491846FDF729F903460F
:102F0000002B06D1994B1B6802211846FEF764FD81
:102F100003E09948FFF790FD20E19848FFF78CFD0A
:102F20001CE107F10C031A469549786803F024FF69
:102F30000346012B0AD18D4B1B68FA6811461846CF
:102F4000FEF75CFD8D48FFF777FD07E107F10C0305
:102F50001A468C49786803F00FFF0346012B0AD10B
:102F6000824B1B68FA6811461846FEF769FD8348D4
:102F7000FFF762FDF2E007F10C031A468249786818
:102F800003F0FAFE0346012B0AD1784B1B68FA685E
:102F900011461846FEF776FD7848FFF74DFDDDE057
:102FA00007F10C031A467949786803F0E5FE0346F9
:102FB000012B1DD1FB684FF080411846FEF71AF82F
:102FC0000346002B02D04FF080430AE0FB687049B3
:102FD0001846FEF72DF80346002B01D06C4B00E09D
:102FE000FB686C4A126813606448FFF725FDB5E082
:102FF00069497868FDF7ACF80346002B07D1654BAB
:103000001B68634A1A605D48FFF716FDA6E007F1EA
:1030100030031A466149786803F0AEFE0346012B7F
:103020003BD107F130035E491846FDF791F803469E
:10303000002B09D14D4B1B685A491846FEF722FD5B
:103040005948FFF7F9FC89E007F130035749184662
:10305000FDF77EF80346002B0AD1444B1B684FF066
:103060007E511846FEF7ECFC5148FFF7E5FC75E091
:1030700007F130034F491846FDF76AF80346002B65
:1030800007D1444B1B6802221A744B48FFF7D4FC4B
:1030900064E04A48FFF7D0FC60E049497868FDF7F2
:1030A00057F80346002B0BD1464B1B682F4A12687A
:1030B00011461846FEF774FD4348FFF7BDFC4DE08E
:1030C00042497868FDF744F80346002B18D1404880
:1030D000FFF7B2FC4FF4FA6000F01AFB3D48FFF72F
:1030E000ABFC4FF4FA6000F013FB3B48FFF7A4FC85
:1030F0004FF4FA6000F00CFB3848FFF79DFC2DE020
:1031000037497868FDF724F80346002B02D1FFF712
:10311000A9FC23E033497868FDF71AF80346002B31
:1031200007D13148FFF788FC642000F0F1FAFFF77F
:103130003BFC2E497868FDF70BF80346002B06D0C0
:103140002B497868FDF704F80346002B03D1294882
:10315000FFF772FC02E02848FFF76EFC5037BD46CF
:1031600080BD00BF109C00081C9C0008A403002028
:10317000209C0008289C0008309C0008589C0008EF
:10318000609C0008709C00087C9C0008889C0008DB
:103190000000C843A8030020949C0008A49C0008D9
:1031A000B89C00080000BE42C09C0008E89C0008D3
:1031B000EC9C0008089D00080C9D00082C9D000850
:1031C000509D0008AC0300205C9D0008809D000815
:1031D0008C9D0008A49D0008BC9D0008D49D00089B
:1031E000E09D0008E89D0008F09D0008009E000892
:1031F000089E00080C9E0008EC9E000880B584B074
:1032000000AFF860B9607A603B600F4AFB681360FA
:103210000E4ABB6813600E4A7B6813600D4A3B6818
:103220001360862200210C4803F017FE0B4B00228E
:103230001A700B48FFF700FC0A48FFF7FDFB00BFC0
:103240001037BD4680BD00BFA0030020A4030020AE
:10325000A8030020AC030020B00300207804002065
:10326000109F0008349F000880B582B000AF43E093
:10327000274B1868F91D0A23012202F00CFEFB7986
:103280000D2B02D0FB790A2B17D1224B1B78002B78
:103290000FD0204B1B781A461F4B002199541F4812
:1032A000FFF7CAFB1C48FFF7E5FD1A4B00221A7016
:1032B00022E01B48FFF7C0FB1EE0FB79082B02D081
:1032C000FB797F2B0AD1134B1B78002B14D0114BA9
:1032D0001B78013BDAB20F4B1A700DE00D4B1B78D7
:1032E0003E2B09D80B4B1B785A1CD1B2094A1170DE
:1032F0001A46F979084B9954FB1D1846FFF76AFBEB
:103300000346002BB4D100BF00BF0837BD4680BDC7
:10331000A00300207804002038040020549F0008F7
:10332000589F000880B400AF034B1B685B6A9BB2D8
:103330001846BD4680BC70470C03002080B584B0A1
:1033400000AF0346FB80FFF7EDFF0346FB8100BFA4
:10335000FFF7E8FF03461A46FB89D31A9BB2FA88A7
:103360009A42F5D800BF00BF1037BD4680BD0000AF
:1033700080B582B000AF00237B601CE0124A7B68FE
:10338000124942F83310104A7B68DB0013440022D4
:103390001A710F4A7B681B01134418680C4A7B683A
:1033A0001B01134404331B880022194601F0A9F8BD
:1033B0007B6801337B607B68022BDFDD00BF00BFD1
:1033C0000837BD4680BD00BF7C0400200000C84314
:1033D000909F000880B588B000AF78600B46FB7006
:1033E000644BBB6000233B73FB781B01624A1344B0
:1033F000FB61FB691868FB699B880022194601F094
:1034000080F80220FFF79AFFFB691868FB699B8828
:103410000122194601F075F80A20FFF78FFFFB69BA
:103420001868FB699B880022194601F06AF8FFF7CB
:1034300079FF03467B831DE0FFF774FF03461A46BE
:103440007B8BD31A9BB247F23052934212D9FB784E
:103450004A4ADB00134407F1080292E8030083E8BC
:1034600003007B681A4607F1080393E8030082E82B
:1034700003007BE0FB699A68FB699B89194610464B
:1034800001F028F80346002BD6D0FFF74BFF034688
:103490003B831DE0FFF746FF03461A463B8BD31ADA
:1034A0009BB247F23052934212D9FB78334ADB0089
:1034B000134407F1080292E8030083E803007B68E5
:1034C0001A4607F1080393E8030082E803004DE081
:1034D000FB699A68FB699B891946104600F0FAFF60
:1034E0000346012BD6D0FFF71DFF0346FB82FA8A65
:1034F0003B8BD31ABB82BB8A1846FDF789FB034678
:103500001F491846FDF7D8FB03464FF08041184687
:10351000FDF786FC03463B614FF080413869FDF7BB
:1035200069FD0346002B02D04FF0804309E01149AA
:103530003869FDF77DFD0346002B01D00D4B00E0FF
:103540003B69BB6001233B73FB780C4ADB001344EF
:1035500007F1080292E8030083E803007B681A463B
:1035600007F1080393E8030082E803007868203736
:10357000BD4680BD0000C843909F00087C04002029
:10358000287E0C3D80B584B000AF0023FB600CE0CA
:10359000FB68DAB23B4611461846FFF71BFF3220A4
:1035A00000F0B6F8FB680133FB60FB68022BEFDD2F
:1035B00000BF00BF1037BD4680BD000080B483B09F
:1035C00000AF0346FB71FB79034A52F833301846CB
:1035D0000C37BD4680BC70477C04002080B483B0AB
:1035E00000AF0346FB71FB79044ADB0013441B79EF
:1035F00018460C37BD4680BC704700BF7C040020D5
:10360000FFF7CCF90B480C490C4A002302E0D458D0
:10361000C4500433C4188C42F9D3094A094C00231E
:1036200001E013600432A242FBD303F06FFCFEF70B
:1036300007FB704700000020D401002084A300088D
:10364000D4010020E4050020FEE7000080B500AFB3
:10365000084B1B68074A43F010031360032000F077
:1036600073FD0F2000F008F8FEF71EFF0023184638
:1036700080BD00BF0020024080B582B000AF7860FE
:10368000124B1A68124B1B7819464FF47A73B3FB2E
:10369000F1F3B2FBF3F3184600F08BFD0346002B69
:1036A00001D001230EE07B680F2B0AD80022796835
:1036B0004FF0FF3000F053FD064A7B681360002393
:1036C00000E0012318460837BD4680BD00000020F9
:1036D000080000200400002080B400AF054B1B78D8
:1036E0001A46054B1B681344034A136000BFBD46CE
:1036F00080BC7047080000209404002080B400AF14
:10370000024B1B681846BD4680BC704794040020DD
:1037100080B584B000AF7860FFF7F0FFB8607B68D9
:10372000FB60FB68B3F1FF3F05D00A4B1B781A46DC
:10373000FB681344FB6000BFFFF7E0FF0246BB6875
:10374000D31AFA689A42F7D800BF00BF1037BD46B7
:1037500080BD00BF0800002080B586B000AF786053
:103760000023FB7500233B610023BB600023FB604B
:103770007B68002B01D10123BEE07B689B68002B96
:103780007B689B6A002B09D17B680022DA627B6828
:10379000002283F824207868FEF7B8FE786800F0ED
:1037A000C5FB0346FB757B689B6A03F01003002B87
:1037B00040F09980FB7D002B40F095807B689B6AF0
:1037C00023F4885323F0020343F002027B689A62D9
:1037D0007B685A687B68DB691A437B681B7B5B00EC
:1037E0001343BA681343BB607B689B68B3F5807F63
:1037F00003D07B689B68012B02D14FF4807300E0FB
:1038000000233A6913433B617B681B7D012B19D16F
:103810007B681B7B002B09D17B689B69013B5A03AA
:103820003B69134343F400633B610BE07B689B6A95
:1038300043F020027B689A627B68DB6A43F00102F6
:103840007B68DA627B681B685B6823F469417B688C
:103850001B683A690A435A607B681B689A68284B60
:1038600013407A681268B9680B4393607B689B6861
:10387000B3F5807F03D07B689B68012B04D17B6804
:103880001B69013B1B05FB607B681B68DB6A23F43B
:1038900070017B681B68FA680A43DA627B681B6800
:1038A0009A68184B1340BA689A420BD17B68002281
:1038B000DA627B689B6A23F0030343F001027B68B2
:1038C0009A6218E07B689B6A23F0120343F01002AF
:1038D0007B689A627B68DB6A43F001027B68DA628C
:1038E0000123FB7507E07B689B6A43F010027B684D
:1038F0009A620123FB75FB7D18461837BD4680BDD3
:10390000FDF7E1FFFE0E1FFF80B584B000AF7860C9
:103910000023FB737B6893F82430012B01D1022331
:1039200098E07B68012283F82420786800F0A4FAEC
:103930000346FB73FB7B002B40F087807B689B6A10
:1039400023F4407323F0010343F480727B689A628E
:103950007B681B68414A934205D1414B5B6803F485
:103960007023002B15D17B689B6A23F480127B683F
:103970009A627B681B685B6803F48063002B26D027
:103980007B689B6A23F4405343F480527B689A62BD
:103990001DE07B689B6A43F480127B689A627B68B7
:1039A0001B682F4A934204D07B681B682B4A9342C2
:1039B0000DD12B4B5B6803F48063002B07D07B6831
:1039C0009B6A23F4405343F480527B689A627B687D
:1039D0009B6A03F48053002B06D07B68DB6A23F0DC
:1039E00006027B68DA6202E07B680022DA627B68AA
:1039F000002283F824207B681B686FF002021A60A3
:103A00007B681B689B6803F46023B3F5602F13D1B8
:103A10007B681B68114A934205D1114B5B6803F424
:103A20007023002B08D17B681B689A687B681B6831
:103A300042F4A0029A600CE07B681B689A687B687D
:103A40001B6842F480129A6003E07B68002283F8CE
:103A50002420FB7B18461037BD4680BD002801405E
:103A60000024014090B587B000AF78603960002332
:103A70007B610023FB6000233B61FFF73FFE786121
:103A80007B681B689B6803F48073002B0BD07B68FA
:103A90009B6A43F020027B689A627B68002283F86D
:103AA00024200123D3E07B681B685B6803F48073E8
:103AB000002B31D17B681B68DB6A03F47003002B99
:103AC0002AD121E03B68B3F1FF3F1DD03B68002BBA
:103AD00007D0FFF713FE02467B69D31A3A689A4271
:103AE00012D27B681B681B6803F00203002B0BD10A
:103AF0007B689B6A43F004027B689A627B680022C1
:103B000083F824200323A2E07B681B681B6803F072
:103B10000203002BD6D070E04F4B1C68022001F04E
:103B2000CFF90346B4FBF3F27B681B6819694B4B72
:103B30000B40002B18D17B681B68D968484B0B40A1
:103B4000002B11D17B681B681969464B0B40002B79
:103B500008D17B681B68D968434B0B40002B01D10F
:103B6000142320E029231EE07B681B6819693D4B64
:103B70000B40002B06D17B681B68D9683A4B0B4081
:103B8000002B0DD07B681B681969384B0B40002B4C
:103B900008D17B681B68D968344B0B40002B01D1DE
:103BA000542300E0FC2302FB03F33B6121E03B686C
:103BB000B3F1FF3F1AD03B68002B07D0FFF79EFD03
:103BC00002467B69D31A3A689A420FD2FB683A6977
:103BD0009A420BD97B689B6A43F004027B689A6225
:103BE0007B68002283F82420032330E0FB68013344
:103BF000FB60FB683A699A42D9D87B681B686FF012
:103C000012021A607B689B6A43F400727B689A62B6
:103C10007B681B689B6803F46023B3F5602F15D1A4
:103C20007B681B7B002B11D17B689B6A23F480721D
:103C30007B689A627B689B6A03F48053002B05D1F2
:103C40007B689B6A43F001027B689A6200231846F6
:103C50001C37BD4690BD00BF0000002024499224BF
:103C60002449920092244912922449004992240046
:103C700080B483B000AF78607B681B68DB6C18464B
:103C80000C37BD4680BC704780B485B000AF78600B
:103C900039600023FB730023BB607B6893F82430FA
:103CA000012B01D10223DCE07B68012283F8242070
:103CB0003B685B68062B1CD87B681B68596B3B68AC
:103CC0005A6813469B001344053B1F2202FA03F374
:103CD000DB4319403B6818683B685A6813469B00F1
:103CE0001344053B00FA03F27B681B680A435A63DE
:103CF0003CE03B685B680C2B1CD87B681B68196B2D
:103D00003B685A6813469B001344233B1F2202FA68
:103D100003F3DB4319403B6818683B685A68134655
:103D20009B001344233B00FA03F27B681B680A43A1
:103D30001A631BE07B681B68D96A3B685A681346A4
:103D40009B001344413B1F2202FA03F3DB4319405B
:103D50003B6818683B685A6813469B001344413B14
:103D600000FA03F27B681B680A43DA623B681B684F
:103D7000092B1CD97B681B68D9683B681A681346F5
:103D80005B0013441E3B072202FA03F3DB43194096
:103D90003B6898683B681A6813465B0013441E3BF7
:103DA00000FA03F27B681B680A43DA6019E07B685B
:103DB0001B6819693B681A6813465B0013440722A5
:103DC00002FA03F3DB4319403B6898683B681A68C2
:103DD00013465B00134400FA03F27B681B680A4336
:103DE0001A613B681B68102B03D03B681B68112BC2
:103DF00032D17B681B681D4A934225D17B681B68C2
:103E00009B6803F40003002B26D17B681B689A682B
:103E10007B681B6842F400029A603B681B68102BA9
:103E20001AD1134B1B68134AA2FB03239A0C1346A7
:103E30009B0013445B00BB6002E0BB68013BBB60BE
:103E4000BB68002BF9D107E07B689B6A43F0200236
:103E50007B689A620123FB737B68002283F824202D
:103E6000FB7B18461437BD4680BC704700240140D8
:103E70000000002083DE1B4380B584B000AF786073
:103E80000023FB600023BB607B681B689B6803F01A
:103E90000103012B40D07B681B689A687B681B6814
:103EA00042F001029A601F4B1B681F4AA2FB0323CA
:103EB0009B0CBB6002E0BB68013BBB60BB68002B96
:103EC000F9D1FFF71BFCF8601FE0FFF717FC024673
:103ED000FB68D31A022B18D97B681B689B6803F018
:103EE0000103012B11D07B689B6A43F010027B68B1
:103EF0009A627B68DB6A43F001027B68DA627B6866
:103F0000002283F82420012307E07B681B689B685C
:103F100003F00103012BD8D1002318461037BD460A
:103F200080BD00BF0000002083DE1B4380B584B04D
:103F300000AF78600023FB607B681B689B6803F020
:103F40000103012B2ED17B681B689A687B681B6874
:103F500022F001029A60FFF7D1FBF8601BE0FFF747
:103F6000CDFB0246FB68D31A022B14D97B681B6871
:103F70009B6803F00103012B0DD17B689B6A43F022
:103F800010027B689A627B68DB6A43F001027B68FF
:103F9000DA62012307E07B681B689B6803F001037A
:103FA000012BDCD0002318461037BD4680BD000031
:103FB00080B485B000AF78607B6803F00703FB60D6
:103FC0000C4BDB68BB60BA684FF6FF031340BB6065
:103FD000FB681A02BB68134343F0BF6343F400332A
:103FE000BB60044ABB68D36000BF1437BD4680BCC9
:103FF000704700BF00ED00E080B400AF044BDB6809
:104000001B0A03F007031846BD4680BC704700BF7B
:1040100000ED00E080B483B000AF0346FB7197F978
:104020000730002B0BDBFB7903F01F02064997F9E1
:1040300007305B09012000FA02F241F8232000BF9B
:104040000C37BD4680BC704700E100E080B483B00F
:1040500000AF03463960FB7197F90730002B0ADB8C
:104060003B68DAB20C4997F907301201D2B20B441F
:1040700083F800230AE03B68DAB20849FB7903F0D1
:104080000F03043B1201D2B20B441A7600BF0C3767
:10409000BD4680BC704700BF00E100E000ED00E0DD
:1040A00080B489B000AFF860B9607A60FB6803F053
:1040B0000703FB61FB69C3F10703042B28BF04233B
:1040C000BB61FB690433062B02D9FB69033B00E0AB
:1040D00000237B614FF0FF32BB6902FA03F3DA433E
:1040E000BB681A407B699A404FF0FF317B6901FA47
:1040F00003F3D9437B680B40134318462437BD466E
:1041000080BC704780B582B000AF78607B68013BAF
:10411000B3F1807F01D301230FE00A4A7B68013BA2
:1041200053600F214FF0FF30FFF790FF054B002247
:104130009A60044B07221A60002318460837BD46D0
:1041400080BD00BF10E000E080B582B000AF7860B5
:104150007868FFF72DFF00BF0837BD4680BD80B5EA
:1041600086B000AF0346B9607A60FB7300237B61C1
:10417000FFF742FF78617A68B9687869FFF790FFC6
:10418000024697F90F3011461846FFF75FFF00BF50
:104190001837BD4680BD80B582B000AF0346FB71C5
:1041A00097F907301846FFF735FF00BF0837BD46BF
:1041B00080BD80B582B000AF78607868FFF7A2FF5D
:1041C000034618460837BD4680BD000080B48BB05A
:1041D00000AF7860396000237B6200233B6269E1B5
:1041E00001227B6A02FA03F3FB613B681B68FA69F0
:1041F0001340BB61BA69FB699A4240F058813B6841
:104200005B689A4A93425ED0984A934275D8984A1E
:10421000934258D0964A93426FD8964A934252D0CE
:10422000944A934269D8944A93424CD0924A93421A
:1042300063D8924A934246D0904A93425DD8122B5B
:104240002AD8122B59D801A252F823F0C7420008ED
:10425000A1420008B3420008F5420008FB420008F2
:10426000FB420008FB420008FB420008FB4200083A
:10427000FB420008FB420008FB420008FB4200082A
:10428000FB420008FB420008FB420008FB4200081A
:10429000A9420008BD420008794A934213D02CE09D
:1042A0003B68DB683B6229E03B68DB6804333B62C8
:1042B00024E03B68DB6808333B621FE03B68DB6857
:1042C0000C333B621AE03B689B68002B02D104234D
:1042D0003B6213E03B689B68012B05D108233B62DE
:1042E0007B68FA691A6109E008233B627B68FA6916
:1042F0005A6103E000233B6200E000BFBB69FF2B73
:1043000001D87B6801E07B6804337B61BB69FF2BCC
:1043100002D87B6A9B0002E07B6A083B9B003B6102
:104320007B691A680F213B6901FA03F3DB431A40EA
:10433000396A3B6901FA03F31A437B691A603B68E7
:104340005B6803F08053002B00F0B1804D4B9B69FC
:104350004C4A43F0010393614A4B9B6903F001030C
:10436000BB60BB68484A7B6A9B08023352F8233023
:10437000FB607B6A03F003039B000F2202FA03F346
:10438000DB43FA681340FB607B68404A934213D0DA
:104390007B683F4A93420DD07B683E4A934207D0E8
:1043A0007B683D4A934201D1032306E0042304E0E5
:1043B000022302E0012300E000237A6A02F00302F4
:1043C00092009340FA681343FB602F497B6A9B0875
:1043D0000233FA6841F823203B685B6803F48013DA
:1043E000002B06D02D4B9A682C49BB6913438B6078
:1043F00006E02A4B9A68BB69DB43284913408B606F
:104400003B685B6803F40013002B06D0234BDA688B
:104410002249BB691343CB6006E0204BDA68BB69D5
:10442000DB431E491340CB603B685B6803F40033F9
:10443000002B06D0194B5A681849BB6913434B60CF
:1044400006E0164B5A68BB69DB43144913404B60C6
:104450003B685B6803F48033002B21D00F4B1A6854
:104460000E49BB6913430B6021E000BF000032100E
:104470000000311000002210000021100000121076
:10448000000011100010024000000140000801402F
:10449000000C0140001001400014014000040140E4
:1044A0000B4B1A68BB69DB43094913400B607B6AFD
:1044B00001337B623B681A687B6A22FA03F3002BA4
:1044C0007FF48EAE00BF00BF2C37BD4680BC704766
:1044D0000004014080B485B000AF78600B467B805B
:1044E0007B689A687B881340002B02D00123FB7302
:1044F00001E00023FB73FB7B18461437BD4680BCEC
:10450000704780B483B000AF78600B467B80134661
:104510007B707B78002B03D07A887B681A6103E07C
:104520007B881A047B681A6100BF0C37BD4680BCCB
:104530007047000080B586B000AF78607B68002BC4
:1045400001D1012372E27B681B6803F00103002B99
:1045500000F08780924B5B6803F00C03042B0CD0B7
:104560008F4B5B6803F00C03082B12D18C4B5B68FC
:1045700003F48033B3F5803F0BD1894B1B6803F400
:104580000033002B6CD07B685B68002B68D1012363
:104590004CE27B685B68B3F5803F06D1804B1B68BB
:1045A0007F4A43F4803313602EE07B685B68002B06
:1045B0000CD17B4B1B687A4A23F480331360784B11
:1045C0001B68774A23F4802313601DE07B685B68D7
:1045D000B3F5A02F0CD1724B1B68714A43F48023B2
:1045E00013606F4B1B686E4A43F4803313600BE01B
:1045F0006B4B1B686A4A23F480331360684B1B685B
:10460000674A23F4802313607B685B68002B13D018
:10461000FFF774F8386108E0FFF770F802463B696D
:10462000D31A642B01D9032300E25D4B1B6803F40A
:104630000033002BF0D014E0FFF760F8386108E099
:10464000FFF75CF802463B69D31A642B01D90323B8
:10465000ECE1534B1B6803F40033002BF0D100E076
:1046600000BF7B681B6803F00203002B63D04C4B38
:104670005B6803F00C03002B0BD0494B5B6803F025
:104680000C03082B1CD1464B5B6803F48033002BD2
:1046900016D1434B1B6803F00203002B05D07B6847
:1046A0001B69012B01D00123C0E13D4B1B6823F0A6
:1046B000F8027B685B69DB00394913430B603AE021
:1046C0007B681B69002B20D0364B01221A60FFF754
:1046D00015F8386108E0FFF711F802463B69D31A74
:1046E000022B01D90323A1E12D4B1B6803F0020328
:1046F000002BF0D02A4B1B6823F0F8027B685B6923
:10470000DB00274913430B6015E0264B00221A609B
:10471000FEF7F4FF386108E0FEF7F0FF02463B6960
:10472000D31A022B01D9032380E11D4B1B6803F030
:104730000203002BF0D17B681B6803F00803002BF9
:104740003AD07B689B69002B19D0174B01221A6065
:10475000FEF7D4FF386108E0FEF7D0FF02463B6960
:10476000D31A022B01D9032360E10D4B5B6A03F0DE
:104770000203002BF0D0012000F0CEFA1CE00A4B1F
:1047800000221A60FEF7BAFF38610FE0FEF7B6FFAD
:1047900002463B69D31A022B08D9032346E100BF26
:1047A000001002400000424280044242924B5B6A89
:1047B00003F00203002BE9D17B681B6803F00403BC
:1047C000002B00F0A6800023FB758B4BDB6903F008
:1047D0008053002B0DD1884BDB69874A43F080530F
:1047E000D361854BDB6903F08053BB60BB68012359
:1047F000FB75824B1B6803F48073002B18D17F4B31
:104800001B687E4A43F480731360FEF777FF3861BC
:1048100008E0FEF773FF02463B69D31A642B01D907
:10482000032303E1754B1B6803F48073002BF0D066
:104830007B68DB68012B06D16F4B1B6A6E4A43F025
:10484000010313622DE07B68DB68002B0CD16A4BFF
:104850001B6A694A23F001031362674B1B6A664AAD
:1048600023F0040313621CE07B68DB68052B0CD18A
:10487000614B1B6A604A43F0040313625E4B1B6A80
:104880005D4A43F0010313620BE05B4B1B6A5A4A1B
:1048900023F001031362584B1B6A574A23F00403A9
:1048A00013627B68DB68002B15D0FEF727FF3861A9
:1048B0000AE0FEF723FF02463B69D31A41F2883231
:1048C000934201D90323B1E04B4B1B6A03F002036F
:1048D000002BEED014E0FEF711FF38610AE0FEF77E
:1048E0000DFF02463B69D31A41F28832934201D947
:1048F00003239BE0404B1B6A03F00203002BEED125
:10490000FB7D012B05D13C4BDB693B4A23F08053F7
:10491000D3617B68DB69002B00F08780364B5B68D6
:1049200003F00C03082B61D07B68DB69022B46D1B6
:10493000334B00221A60FEF7E1FE386108E0FEF713
:10494000DDFE02463B69D31A022B01D903236DE039
:10495000294B1B6803F00073002BF0D17B681B6AA6
:10496000B3F5803F08D1244B5B6823F400327B68A9
:104970009B68214913434B601F4B5B6823F47412FF
:104980007B68196A7B685B6A0B431B4913434B6066
:104990001B4B01221A60FEF7B1FE386108E0FEF7FA
:1049A000ADFE02463B69D31A022B01D903233DE039
:1049B000114B1B6803F00073002BF0D035E0104B57
:1049C00000221A60FEF79AFE386108E0FEF796FEB4
:1049D00002463B69D31A022B01D9032326E0064B7A
:1049E0001B6803F00073002BF0D11EE07B68DB69CD
:1049F000012B07D1012319E0001002400070004094
:104A0000600042420B4B5B68FB60FB6803F4803242
:104A10007B681B6A9A4206D1FB6803F470127B68BC
:104A20005B6A9A4201D0012300E000231846183740
:104A3000BD4680BD0010024080B584B000AF7860F4
:104A400039607B68002B01D10123D0E06A4B1B68E1
:104A500003F007033A689A4210D9674B1B6823F0AA
:104A6000070265493B6813430B60634B1B6803F007
:104A700007033A689A4201D00123B8E07B681B68BB
:104A800003F00203002B20D07B681B6803F00403B3
:104A9000002B05D0594B5B68584A43F4E0635360E0
:104AA0007B681B6803F00803002B05D0534B5B6841
:104AB000524A43F460535360504B5B6823F0F0025A
:104AC0007B689B684D4913434B607B681B6803F010
:104AD0000103002B40D07B685B68012B07D1474B5B
:104AE0001B6803F40033002B15D101237FE07B68A2
:104AF0005B68022B07D1414B1B6803F00073002B4E
:104B000009D1012373E03D4B1B6803F00203002B26
:104B100001D101236BE0394B5B6823F003027B6812
:104B20005B68364913434B60FEF7E8FDF8600AE026
:104B3000FEF7E4FD0246FB68D31A41F28832934245
:104B400001D9032353E02D4B5B6803F00C027B6813
:104B50005B689B009A42EBD1274B1B6803F007036D
:104B60003A689A4210D2244B1B6823F0070222496C
:104B70003B6813430B60204B1B6803F007033A6844
:104B80009A4201D0012332E07B681B6803F00403E2
:104B9000002B08D0194B5B6823F4E0627B68DB686C
:104BA000164913434B607B681B6803F00803002B16
:104BB00009D0124B5B6823F460527B681B69DB00F1
:104BC0000E4913434B6000F021F802460B4B5B6823
:104BD0001B0903F00F030A49CB5C22FA03F3094ACD
:104BE0001360094B1B681846FEF746FD0023184664
:104BF0001037BD4680BD00BF0020024000100240BB
:104C0000789F0008000000200400002080B487B0D6
:104C100000AF0023FB600023BB6000237B61002307
:104C20007B6000233B611E4B5B68FB60FB6803F00D
:104C30000C03042B02D0082B03D027E0194B3B6157
:104C400027E0FB689B0C03F00F03174AD35C7B60E3
:104C5000FB6803F48033002B10D0114B5B685B0CB6
:104C600003F00103114AD35CBB607B680D4A03FB70
:104C700002F2BB68B2FBF3F37B6104E07B680C4A91
:104C800002FB03F37B617B693B6102E0054B3B6107
:104C900000BF3B6918461C37BD4680BC704700BF4B
:104CA0000010024000127A00C09F0008D09F000848
:104CB00000093D0080B400AF024B1B681846BD469A
:104CC00080BC70470000002080B500AFFFF7F2FF06
:104CD0000246054B5B681B0A03F007030349CB5CE4
:104CE00022FA03F3184680BD00100240889F000896
:104CF00080B500AFFFF7DEFF0246054B5B68DB0ABD
:104D000003F007030349CB5C22FA03F3184680BD86
:104D100000100240889F000880B485B000AF786022
:104D20000A4B1B680A4AA2FB03235B0A7A6802FB50
:104D300003F3FB6000BFFB685A1EFA60002BF9D139
:104D400000BF00BF1437BD4680BC70470000002084
:104D5000D34D621080B586B000AF786000233B6110
:104D60000023FB607B681B6803F00103002B7DD0F0
:104D70000023FB754F4BDB6903F08053002B0DD1F3
:104D80004C4BDB694B4A43F08053D361494BDB69A1
:104D900003F08053BB60BB680123FB75464B1B6867
:104DA00003F48073002B18D1434B1B68424A43F431
:104DB00080731360FEF7A2FC386108E0FEF79EFCEA
:104DC00002463B69D31A642B01D903236DE03A4BA9
:104DD0001B6803F48073002BF0D0364B1B6A03F47E
:104DE0004073FB60FB68002B2ED07B685B6803F48C
:104DF0004073FA689A4227D02E4B1B6A23F4407303
:104E0000FB602E4B01221A602C4B00221A60294AAB
:104E1000FB681362FB6803F00103002B14D0FEF75C
:104E20006DFC38610AE0FEF769FC02463B69D31A63
:104E300041F28832934201D9032336E01D4B1B6AAD
:104E400003F00203002BEED01A4B1B6A23F44072CE
:104E50007B685B68174913430B62FB7D012B05D10F
:104E6000144BDB69134A23F08053D3617B681B68C2
:104E700003F00203002B08D00E4B5B6823F4404282
:104E80007B689B680B4913434B607B681B6803F08E
:104E90001003002B08D0074B5B6823F480027B686B
:104EA000DB68044913434B60002318461837BD469E
:104EB00080BD00BF0010024000700040400442422C
:104EC00080B588B000AF786000237B610023FB6170
:104ED00000233B610023FB600023BB617B68102B38
:104EE0000AD07B68102B00F28A807B68012B45D0AA
:104EF0007B68022B75D082E0464B5B68FB60454BBC
:104F00001B6803F08073002B7BD0FB689B0C03F0C5
:104F10000F03414AD35C3B61FB6803F48033002BF1
:104F200015D03C4B5B685B0C03F001033B4AD35C40
:104F30007B61FB6803F48033002B0DD0384A7B691A
:104F4000B2FBF3F23B6902FB03F3FB6104E03B6954
:104F5000344A02FB03F3FB612E4B5B6803F48003CE
:104F6000B3F5800F02D1FB69BB614AE0FB695B00CE
:104F70002D4AA2FB03235B08BB6142E0254B1B6A61
:104F8000FB60FB6803F44073B3F5807F08D1FB68D6
:104F900003F00203002B03D04FF40043BB611FE07A
:104FA000FB6803F44073B3F5007F09D1194B5B6ACA
:104FB00003F00203002B03D049F64043BB610FE02E
:104FC000FB6803F44073B3F5407F1CD1114B1B68A1
:104FD00003F40033002B16D04FF22443BB6112E0E0
:104FE00011E0FFF785FE02460A4B5B689B0B03F05E
:104FF000030301335B00B2FBF3F3BB6104E000BFCA
:1050000002E000BF00E000BFBB6918462037BD4684
:1050100080BD00BF00100240D49F0008E49F00083C
:1050200000127A0000093D00ABAAAAAA80B582B09E
:1050300000AF78607B68002B01D1012341E07B68E1
:1050400093F83D30DBB2002B06D17B68002283F859
:105050003C207868FDF796FA7B68022283F83D20B1
:105060007B681A687B6804331946104600F076FBAB
:105070007B68012283F846207B68012283F83E206A
:105080007B68012283F83F207B68012283F840205F
:105090007B68012283F841207B68012283F842204B
:1050A0007B68012283F843207B68012283F8442037
:1050B0007B68012283F845207B68012283F83D202C
:1050C000002318460837BD4680BD000080B485B077
:1050D00000AF78607B6893F83D30DBB2012B01D0E4
:1050E00001233AE07B68022283F83D207B681B683D
:1050F000DA687B681B6842F00102DA607B681B6833
:10510000184A93420ED07B681B68B3F1804F09D0D8
:105110007B681B68144A934204D07B681B68134A5F
:10512000934211D17B681B689B6803F00703FB6007
:10513000FB68062B10D07B681B681A687B681B68AD
:1051400042F001021A6007E07B681B681A687B68FE
:105150001B6842F001021A60002318461437BD464E
:1051600080BC7047002C0140000400400008004053
:1051700080B582B000AF78607B68002B01D101233D
:1051800041E07B6893F83D30DBB2002B06D17B68B1
:10519000002283F83C20786800F039F87B6802220E
:1051A00083F83D207B681A687B68043319461046F3
:1051B00000F0D4FA7B68012283F846207B68012244
:1051C00083F83E207B68012283F83F207B68012220
:1051D00083F840207B68012283F841207B6801220C
:1051E00083F842207B68012283F843207B680122F8
:1051F00083F844207B68012283F845207B680122E4
:1052000083F83D20002318460837BD4680BD80B492
:1052100083B000AF786000BF0C37BD4680BC7047DC
:1052200080B584B000AF78607B681B68DB68FB608A
:105230007B681B681B69BB60BB6803F00203002B23
:1052400020D0FB6803F00203002B1BD07B681B6897
:105250006FF002021A617B6801221A777B681B6873
:105260009B6903F00303002B03D0786800F05AFA1F
:1052700005E0786800F04DFA786800F05CFA7B6829
:1052800000221A77BB6803F00403002B20D0FB68D0
:1052900003F00403002B1BD07B681B686FF0040233
:1052A0001A617B6802221A777B681B689B6903F48A
:1052B0004073002B03D0786800F034FA05E078687A
:1052C00000F027FA786800F036FA7B6800221A7737
:1052D000BB6803F00803002B20D0FB6803F0080331
:1052E000002B1BD07B681B686FF008021A617B687B
:1052F00004221A777B681B68DB6903F00303002B29
:1053000003D0786800F00EFA05E0786800F001FA42
:10531000786800F010FA7B6800221A77BB6803F007
:105320001003002B20D0FB6803F01003002B1BD0D0
:105330007B681B686FF010021A617B6808221A777D
:105340007B681B68DB6903F44073002B03D078682B
:1053500000F0E8F905E0786800F0DBF9786800F023
:10536000EAF97B6800221A77BB6803F00103002B7F
:105370000CD0FB6803F00103002B07D07B681B688F
:105380006FF001021A617868FCF738FCBB6803F023
:105390008003002B0CD0FB6803F08003002B07D0A8
:1053A0007B681B686FF080021A61786800F01AFD54
:1053B000BB6803F04003002B0CD0FB6803F04003F4
:1053C000002B07D07B681B686FF040021A61786879
:1053D00000F0BAF9BB6803F02003002B0CD0FB6887
:1053E00003F02003002B07D07B681B686FF02002BE
:1053F0001A61786800F0EDFC00BF1037BD4680BD33
:1054000080B586B000AFF860B9607A600023FB75A4
:10541000FB6893F83C30012B01D10223AEE0FB681E
:10542000012283F83C207B680C2B00F29F8001A2B4
:1054300052F823F0695400086D5500086D550008B6
:105440006D550008A95400086D5500086D550008F9
:105450006D550008EB5400086D5500086D550008A7
:105460006D5500082B550008FB681B68B968184685
:1054700000F0E2F9FB681B689A69FB681B6842F060
:1054800008029A61FB681B689A69FB681B6822F036
:1054900004029A61FB681B689969BB681A69FB681A
:1054A0001B680A439A6164E0FB681B68B968184688
:1054B00000F028FAFB681B689A69FB681B6842F4D5
:1054C00000629A61FB681B689A69FB681B6822F49A
:1054D00080629A61FB681B689969BB681B691A0244
:1054E000FB681B680A439A6143E0FB681B68B96864
:1054F000184600F071FAFB681B68DA69FB681B68E4
:1055000042F00802DA61FB681B68DA69FB681B6815
:1055100022F00402DA61FB681B68D969BB681A696A
:10552000FB681B680A43DA6123E0FB681B68B96803
:10553000184600F0BBFAFB681B68DA69FB681B6859
:1055400042F40062DA61FB681B68DA69FB681B6879
:1055500022F48062DA61FB681B68D969BB681B6949
:105560001A02FB681B680A43DA6102E00123FB753B
:1055700000BFFB68002283F83C20FB7D18461837EB
:10558000BD4680BD80B584B000AF7860396000232F
:10559000FB737B6893F83C30012B01D10223B4E00C
:1055A0007B68012283F83C207B68022283F83D203F
:1055B0007B681B689B68BB60BB6823F07703BB609C
:1055C000BB6823F47F43BB607B681B68BA689A6042
:1055D0003B681B68B3F5005F3ED0B3F5005F00F297
:1055E0008780B3F5805F00F08680B3F5805F7FD859
:1055F000702B1AD0702B7BD8602B50D0602B77D8B3
:10560000502B3CD0502B73D8402B58D0402B6FD808
:10561000302B64D0302B6BD8202B60D0202B67D858
:10562000002B5CD0102B5AD062E07B6818683B6876
:1056300099683B685A683B68DB6800F0FCFA7B6855
:105640001B689B68BB60BB6843F07703BB607B68EB
:105650001B68BA689A604FE07B6818683B68996875
:105660003B685A683B68DB6800F0E5FA7B681B68BA
:105670009A687B681B6842F480429A603CE07B68D1
:1056800018683B6859683B68DB681A4600F05CFAAA
:105690007B681B685021184600F0B3FA2CE07B6849
:1056A00018683B6859683B68DB681A4600F07AFA6C
:1056B0007B681B686021184600F0A3FA1CE07B6839
:1056C00018683B6859683B68DB681A4600F03CFA8A
:1056D0007B681B684021184600F093FA0CE07B6859
:1056E0001A683B681B681946104600F08AFA03E006
:1056F0000123FB7300E000BF7B68012283F83D209B
:105700007B68002283F83C20FB7B18461037BD469F
:1057100080BD80B483B000AF786000BF0C37BD4659
:1057200080BC704780B483B000AF786000BF0C3796
:10573000BD4680BC704780B483B000AF786000BFC6
:105740000C37BD4680BC704780B483B000AF786032
:1057500000BF0C37BD4680BC7047000080B485B0E8
:1057600000AF786039607B681B68FB607B682F4AFC
:1057700093420BD07B68B3F1804F07D07B682C4AF3
:10578000934203D07B682B4A934208D1FB6823F0F5
:105790007003FB603B685B68FA681343FB607B68DF
:1057A000224A93420BD07B68B3F1804F07D07B68CD
:1057B0001F4A934203D07B681E4A934208D1FB687C
:1057C00023F44073FB603B68DB68FA681343FB60BB
:1057D000FB6823F080023B685B691343FB607B68D6
:1057E000FA681A603B689A687B68DA623B681A68F4
:1057F0007B689A627B680D4A934203D13B681A69C1
:105800007B681A637B6801225A617B681B6903F01D
:105810000103002B05D07B681B6923F001027B6824
:105820001A6100BF1437BD4680BC7047002C014090
:10583000000400400008004080B487B000AF7860EA
:1058400039607B681B6A7B617B681B6A23F00102FD
:105850007B681A627B685B683B617B689B69FB6065
:10586000FB6823F07003FB60FB6823F00303FB601D
:105870003B681B68FA681343FB607B6923F00203F3
:105880007B613B689B687A6913437B617B681C4A38
:1058900093420CD17B6923F008037B613B68DB6892
:1058A0007A6913437B617B6923F004037B617B6826
:1058B000134A934211D13B6923F480733B613B69E6
:1058C00023F400733B613B685B693A6913433B61B6
:1058D0003B689B693A6913433B617B683A695A604C
:1058E0007B68FA689A613B685A687B685A637B6890
:1058F0007A691A6200BF1C37BD4680BC704700BF82
:10590000002C014080B487B000AF786039607B68BC
:105910001B6A7B617B681B6A23F010027B681A623A
:105920007B685B683B617B689B69FB60FB6823F479
:10593000E043FB60FB6823F44073FB603B681B683B
:105940001B02FA681343FB607B6923F020037B6131
:105950003B689B681B017A6913437B617B681D4A26
:1059600093420DD17B6923F080037B613B68DB6848
:105970001B017A6913437B617B6923F040037B61E0
:105980007B68144A934213D13B6923F480633B61E3
:105990003B6923F400633B613B685B699B003A69A8
:1059A00013433B613B689B699B003A6913433B612E
:1059B0007B683A695A607B68FA689A613B685A6802
:1059C0007B689A637B687A691A6200BF1C37BD46A0
:1059D00080BC7047002C014080B487B000AF786075
:1059E00039607B681B6A7B617B681B6A23F4807269
:1059F0007B681A627B685B683B617B68DB69FB6084
:105A0000FB6823F07003FB60FB6823F00303FB607B
:105A10003B681B68FA681343FB607B6923F40073DF
:105A20007B613B689B681B027A6913437B617B68DF
:105A30001D4A93420DD17B6923F400637B613B686F
:105A4000DB681B027A6913437B617B6923F4806303
:105A50007B617B68144A934213D13B6923F48053E2
:105A60003B613B6923F400533B613B685B691B016D
:105A70003A6913433B613B689B691B013A691343D5
:105A80003B617B683A695A607B68FA68DA613B6817
:105A90005A687B68DA637B687A691A6200BF1C37D0
:105AA000BD4680BC704700BF002C014080B487B069
:105AB00000AF786039607B681B6A3B617B681B6A5A
:105AC00023F480527B681A627B685B687B617B6829
:105AD000DB69FB60FB6823F4E043FB60FB6823F4B5
:105AE0004073FB603B681B681B02FA681343FB6052
:105AF0003B6923F400533B613B689B681B033A6995
:105B000013433B617B680F4A934209D17B6923F4BD
:105B100080437B613B685B699B017A6913437B61CE
:105B20007B687A695A607B68FA68DA613B685A6810
:105B30007B681A647B683A691A6200BF1C37BD46ED
:105B400080BC7047002C014080B487B000AFF86083
:105B5000B9607A60FB681B6A7B61FB681B6A23F093
:105B60000102FB681A62FB689B693B613B6923F099
:105B7000F0033B617B681B013A6913433B617B691E
:105B800023F00A037B617A69BB6813437B61FB687E
:105B90003A699A61FB687A691A6200BF1C37BD4690
:105BA00080BC704780B487B000AFF860B9607A609D
:105BB000FB681B6A7B61FB681B6A23F01002FB68B1
:105BC0001A62FB689B693B613B6923F470433B614C
:105BD0007B681B033A6913433B617B6923F0A00395
:105BE0007B61BB681B017A6913437B61FB683A697F
:105BF0009A61FB687A691A6200BF1C37BD4680BC97
:105C0000704780B485B000AF786039607B689B686E
:105C1000FB60FB6823F07003FB603A68FB6813438A
:105C200043F00703FB607B68FA689A6000BF143793
:105C3000BD4680BC704780B487B000AFF860B960E3
:105C40007A603B60FB689B687B617B6923F47F43E0
:105C50007B613B681A027B681A43BB6813437A690D
:105C600013437B61FB687A699A6000BF1C37BD46AD
:105C700080BC704780B485B000AF786039607B68C5
:105C800093F83C30012B01D1022346E07B680122CE
:105C900083F83C207B68022283F83D207B681B68E8
:105CA0005B68FB607B681B689B68BB60FB6823F0DC
:105CB0007003FB603B681B68FA681343FB607B68FA
:105CC0001B68FA685A607B681B68164A93420ED0BC
:105CD0007B681B68B3F1804F09D07B681B68124A50
:105CE000934204D07B681B68104A93420CD1BB6876
:105CF00023F08003BB603B685B68BA681343BB60FA
:105D00007B681B68BA689A607B68012283F83D2033
:105D10007B68002283F83C20002318461437BD46D8
:105D200080BC7047002C0140000400400008004087
:105D300080B485B000AF786039600023FB607B6879
:105D400093F83C30012B01D102233DE07B68012216
:105D500083F83C20FB6823F0FF023B68DB681343B9
:105D6000FB60FB6823F440723B689B681343FB6055
:105D7000FB6823F480623B685B681343FB60FB684D
:105D800023F400623B681B681343FB60FB6823F449
:105D900080523B681B691343FB60FB6823F400528D
:105DA0003B685B691343FB60FB6823F480423B68FC
:105DB000DB691343FB607B681B68FA685A647B6885
:105DC000002283F83C20002318461437BD4680BCCF
:105DD000704780B483B000AF786000BF0C37BD4619
:105DE00080BC704780B483B000AF786000BF0C37D0
:105DF000BD4680BC704780B582B000AF78607B68DC
:105E0000002B01D1012342E07B6893F84130DBB2E3
:105E1000002B06D17B68002283F840207868FCF7CD
:105E20006FFC7B68242283F841207B681B68DA685A
:105E30007B681B6822F40052DA60786800F0D0F9C1
:105E40007B681B681A697B681B6822F490421A61A0
:105E50007B681B685A697B681B6822F02A025A61BA
:105E60007B681B68DA687B681B6842F40052DA6062
:105E70007B6800225A647B68202283F841207B687B
:105E8000202283F842207B6800225A6300231846B0
:105E90000837BD4680BD80B58AB002AFF860B960F2
:105EA0003B601346FB8000237B61FB6893F8413025
:105EB000DBB2202B75D1BB68002B02D0FB88002BF6
:105EC00001D101236EE0FB6800225A64FB682122A5
:105ED00083F84120FDF712FC7861FB68FA889A8408
:105EE000FB68FA88DA84FB689B68B3F5805F08D1A9
:105EF000FB681B69002B04D10023FB61BB68BB61FD
:105F000003E0BB68FB610023BB612EE03B680093AC
:105F10007B6900228021F86800F06DF80346002BB1
:105F200005D0FB68202283F8412003233AE0FB6977
:105F3000002B0BD1BB691B881A46FB681B68C2F398
:105F400008025A60BB690233BB6107E0FB691A783B
:105F5000FB681B685A60FB690133FB61FB68DB8CE3
:105F60009BB2013B9AB2FB68DA84FB68DB8C9BB284
:105F7000002BCBD13B6800937B6900224021F8685D
:105F800000F039F80346002B05D0FB68202283F887
:105F90004120032306E0FB68202283F841200023F0
:105FA00000E0022318462037BD4680BD80B584B08E
:105FB00000AFF860B9601346FB80FB6893F842308D
:105FC000DBB2202B12D1BB68002B02D0FB88002B48
:105FD00001D101230BE0FB6800221A63FB881A46FB
:105FE000B968F86800F060F8034600E0022318463C
:105FF0001037BD4680BD80B586B000AFF860B9608F
:106000003B601346FB713BE03B6AB3F1FF3F37D087
:10601000FDF774FB02463B68D31A3A6A9A4202D3F0
:106020003B6A002B01D103233AE0FB681B68DB6865
:1060300003F00403002B23D0BB68802B20D0BB6867
:10604000402B1DD0FB681B681B6803F00803082B5E
:1060500016D100237B61FB681B681B687B61FB68B2
:106060001B685B687B617B69F86800F056F8FB6829
:1060700008225A64FB68002283F8402001230FE0C5
:10608000FB681B681A68BB681340BA689A420CBF69
:1060900001230023DBB21A46FB799A42B4D00023D5
:1060A00018461837BD4680BD80B485B000AFF86093
:1060B000B9601346FB80FB68BA689A62FB68FA888D
:1060C0009A85FB68FA88DA85FB6800225A64FB68C7
:1060D000222283F84220FB681B69002B07D0FB6853
:1060E0001B68DA68FB681B6842F48072DA60FB6840
:1060F0001B685A69FB681B6842F001025A61FB6821
:106100001B68DA68FB681B6842F02002DA60002333
:1061100018461437BD4680BC704780B495B000AFB8
:1061200078607B681B680C337B637B6B53E8003FB4
:106130003B633B6B23F49073FB647B681B680C33FD
:10614000FA6C3A64FB63F96B3A6C41E80023BB6379
:10615000BB6B002BE5D17B681B6814333B623B6A49
:1061600053E8003FFB61FB6923F00103BB647B68DC
:106170001B681433BA6CFA62BB62B96AFA6A41E806
:1061800000237B627B6A002BE5D17B681B6B012BB4
:1061900019D17B681B680C33FB60FB6853E8003F38
:1061A000BB60BB6823F010037B647B681B680C3307
:1061B0007A6CBA617B617969BA6941E800233B6115
:1061C0003B69002BE5D17B68202283F842207B6865
:1061D00000221A6300BF5437BD4680BC70470000E0
:1061E00080B584B000AF78607B681B681B6923F4BE
:1061F00040517B68DA687B681B680A431A617B68D8
:106200009A687B681B691A437B685B691343BB60B0
:106210007B681B68DB6823F4B05323F00C037A68B7
:106220001268B9680B43D3607B681B685B6923F411
:1062300040717B689A697B681B680A435A617B6876
:106240001B682C4A934203D1FEF752FDF86002E02E
:10625000FEF73AFDF860FA6813469B0013449A0073
:106260001A447B685B689B00B2FBF3F3224AA2FBF3
:1062700003235B091901FA6813469B0013449A0033
:106280001A447B685B689B00B2FBF3F21A4BA3FBDA
:1062900002035B09642000FB03F3D31A1B013233B2
:1062A000154AA2FB03235B0903F0F0031944FA68C3
:1062B00013469B0013449A001A447B685B689B005A
:1062C000B2FBF3F20C4BA3FB02035B09642000FB5F
:1062D00003F3D31A1B013233074AA2FB03235B09E2
:1062E00003F00F027B681B680A449A6000BF1037F6
:1062F000BD4680BD003801401F85EB51002B2DE9C4
:10630000F0471D46BBBF03F100431D4600232D236C
:1063100088B01446B8BF1446129A109E1370149B8E
:10632000DDF84CA023F02008B8F1460F05D0B8F1F5
:10633000450F00D10136022300E0032307AA04928F
:1063400006AACDE902A2CDE9003622462B4600F08E
:106350009BFEB8F1470F074619D1119BDB070ED5FD
:1063600000EB06090022002320462946FAF726FB07
:1063700008B1CDF81C903022079B4B451ED3384600
:10638000079B159ADB1B136008B0BDE8F087B8F1D6
:10639000460F00EB0609E5D10378302B0AD1002225
:1063A000002320462946FAF709FB18B9C6F1010671
:1063B000CAF80060DAF800309944D3E7591C079115
:1063C0001A70D9E7F7B50029B6BF2D232B23494210
:1063D00009290270437029DD0DF107031D460A27C4
:1063E000B1FBF7F61A4607FB1614303402F8014CDD
:1063F0000C46632C314603F1FF33F1DC3031941E3F
:1064000003F8011C2346411CAB420AD30DF10903DA
:106410009B1AAC4288BF002302330344181A03B00E
:10642000F0BD13F8016B01F8016FEDE73023303157
:106430008370C170031DF1E72DE9F04F91B00C4658
:10644000DDF8688016461F46054600F00FFD03681C
:1064500018460893F9F786FE00230E93D8F800300B
:106460000990073323F0070303F1080294F818A0FA
:10647000D4F800B0C8F80020D3E9008929F000431F
:106480000B93CDF828804FF0FF32DDE90A01C4E913
:1064900012899C4BFAF7C4FA70BBDDE90A014FF090
:1064A000FF32984BFAF79EFA30BB00220023404699
:1064B0004946FAF78DFA10B12D2384F84330924AF9
:1064C000924BBAF1470F8CBF9046984603234FF08A
:1064D000000923612BF0040323603346214628463C
:1064E00000970FAA00F0D4F9013040F090804FF0EF
:1064F000FF3011B0BDE8F08F42464B46404649465A
:10650000FAF78EFA48B14B46002BB8BF2D23804ACC
:10651000B8BF84F843307F4BD3E763680AF0DF01EC
:106520005A1C3FD10623636000224BF48063236032
:1065300006920EAACDE904A20DAA03920DF1330230
:10654000CDE9013263684246009328464B460A91E2
:10655000FFF7D4FE0A99804647290D9928D1C81C17
:1065600002DB6368994240DDAAF1020A5FFA8AFA07
:106570005246013904F150000D91FFF723FF0E9AA6
:1065800081461318012A236102DC2268D20701D553
:10659000013323619DF83330002B9ED02D2384F8E6
:1065A00043309AE74729BFD1002BBDD10123BAE779
:1065B000BAF1650FDCD9BAF1660F18D1002963680A
:1065C0000BDD216113B92268D00702D501330B44DA
:1065D00023614FF00009A165DCE713B92268D207F7
:1065E00001D50233F4E70123F2E74FF0670A0E9B6F
:1065F000994205DB23682161D807EAD54B1CE7E700
:106600000029CCBF0122C1F102021344E0E7236854
:106610005A0507D42369424631462846B847013017
:106620002BD164E7BAF1650F40F2DC80D4E91201A6
:1066300000220023FAF7C2F9002833D001233146A3
:106640002846354AB84701303FF451AFDDE90D38EF
:10665000434502DB2368D8070FD5DDE9082331461F
:106660002846B84701303FF442AF4FF0000908F127
:10667000FF3804F11A0AC84509DC23689B0700F1BA
:106680000281E0680F9B9842B8BF184631E70123AA
:10669000524631462846B84701303FF428AF09F149
:1066A0000109E8E70D9B002B38DC01233146284621
:1066B000194AB84701303FF41AAFDDE90D3959EAFC
:1066C000030302D12368D907D7D5DDE90823314672
:1066D0002846B84701303FF40AAF4FF0000A04F1F2
:1066E0001A0B0D9B5B42534501DC4B4693E701239C
:1066F0005A4631462846B84701303FF4F8AE0AF111
:10670000010AEEE7FFFFEF7FEA9F0008E69F00081F
:10671000F29F0008EE9F000825A10008A36DDDF898
:1067200038A05345A8BF5346002B994636DC4FF09E
:10673000000B29EAE97904F11A02A36D0A93A3EB8D
:1067400009035B4531DC0D9B9A453ADC2368DA0787
:1067500037D40D9BAAEB03090A9BAAEB03039945C7
:10676000A8BF9946B9F1000F33DC4FF0000829EAC1
:10677000E97904F11A0B0D9BAAEB0303A3EB0903C0
:1067800043457FF77AAF01235A4631462846B8473A
:1067900001303FF4ACAE08F10108ECE74246314667
:1067A0002846B8470130C2D1A1E601233146284628
:1067B0000A92B84701303FF49AAE0A9A0BF1010BE6
:1067C000BBE73146DDE908232846B8470130C0D190
:1067D0008DE60A9A4B46314628464244B847013076
:1067E000C3D184E6DDF838A0BAF1010F01DCDB0784
:1067F00036D50123424631462846B84701303FF49A
:1068000076AEDDE9082331462846B84701303FF42B
:106810006EAED4E91201002200230AF1FF3AFAF722
:10682000CDF8C0B9534608F1010231462846B847B1
:1068300001300CD15BE601235A4631462846B84761
:1068400001303FF454AE08F10108D045F3DB4B466C
:1068500004F15002E0E64FF0000804F11A0BF4E7EF
:1068600001234246E1E701234A4631462846B8471C
:1068700001303FF43CAE08F10108E3680F995B1A60
:106880004345F0DCFDE64FF0000804F11909F4E798
:106890002DE9F047164698468A680B6907469342E9
:1068A000B8BF1346336091F843200C46DDF82090C2
:1068B0000AB1013333602368990642BF336802335B
:1068C0003360256815F0060506D104F1190AE3685E
:1068D00032689B1AAB422BDC94F843302268003BB1
:1068E00018BF0123920630D44146384604F14302D2
:1068F000C847013023D02368226903F00603042B24
:1069000014BF002533684FF0000608BFE56804F1A6
:106910001A0408BFED1A54F8123C08BF25EAE575C1
:106920009342C4BF9B1AED18B5421AD1002008E06B
:106930000123524641463846C847013003D14FF043
:10694000FF30BDE8F0870135C1E73020E11881F85C
:1069500043005A1C94F845102244023382F8431035
:10696000C2E70123224641463846C8470130E6D0F7
:106970000136D9E72DE9FF470F7E9146782F8046F3
:106980000C469A460C9E01F1430207D8622F0AD8A2
:10699000002F00F0D180582F00F0B88004F142069B
:1069A00084F842703AE0A7F16303152BF6D801A1F1
:1069B00051F823F00D6A0008216A00089D6900085B
:1069C0009D6900089D6900089D690008216A00080A
:1069D0009D6900089D6900089D6900089D6900087F
:1069E0001F6B00084B6A0008D96A00089D690008FF
:1069F0009D690008416B00089D6900084B6A00080A
:106A00009D6900089D690008E16A000833681A1D45
:106A10001B68326004F1420684F8423001239CE096
:106A200033682068191D3160060601D51D6803E032
:106A30004506FBD5B3F90050002D03DA2D236D4236
:106A400084F843300A23584811E021683368080667
:106A500053F8045B02D4490648BFADB26F2F3360D0
:106A600014BF0A2308235048002184F843106668A5
:106A7000002EA66005DB21682E4321F00401216071
:106A80004BD01646B5FBF3F103FB1157C75D06F873
:106A9000017D2F46BB420D46F4D9082B0BD123684C
:106AA000DF0708D5236961689942DEBF302306F805
:106AB000013C06F1FF36921B22614B4621464046BF
:106AC000CDF800A003AAFFF7E3FE01304AD14FF052
:106AD000FF3004B0BDE8F087236843F02003236053
:106AE0007827324884F84570236831681F0651F8CA
:106AF000045B02D45F0648BFADB23160D90744BF22
:106B000043F0200323601DB11023ADE72648E9E7D9
:106B1000236823F020032360F6E71646BDE73368B9
:106B20002568181D616930602E061B6801D5196043
:106B300002E06806FBD51980002316462361BCE7F6
:106B4000336800211A1D32601E686268304600F00A
:106B500004FA08B1801B606063682361002384F835
:106B60004330AAE73246494640462369D0470130C0
:106B7000ADD023689B0713D4E068039B9842B8BF4D
:106B80001846A6E70123324649464046D047013021
:106B90009DD00135E36803995B1AAB42F2DCEBE769
:106BA000002504F11906F5E7F69F000807A0000884
:106BB000002310B50446C0E90033C0E90433836004
:106BC00081814366C2818361194608225C3000F0EE
:106BD00044F90D4B246263620C4BA3620C4BE362DD
:106BE0000C4B23630C4B9C4206D003F16802944289
:106BF00002D0D0339C4205D104F15800BDE81040CA
:106C000000F0A8B910BD00BFD16D0008F76D0008F5
:106C10002F6E0008536E000898040020024A0349B2
:106C2000034800F069B800BF0C000020058F000881
:106C30001C00002041680C4B10B59942044601D05D
:106C400002F060F9A168094B994202D0204602F097
:106C500059F9E168064B994204D02046BDE810403E
:106C600002F050B910BD00BF9804002000050020BC
:106C70006805002010B50B4B0B4C0C4A20461A60DF
:106C800004210022FFF794FF04F16800012209218A
:106C9000FFF78EFF04F1D0000222BDE81040122160
:106CA000FFF786BFD0050020980400201D6C000867
:106CB000014800F050B900BFD9050020014800F09C
:106CC0004BB900BFD905002010B50446FFF7F0FF0F
:106CD000236A1BB1BDE81040FFF7F0BF044B2362ED
:106CE000044B1B68002BF5D1FFF7C4FFF2E700BF90
:106CF000356C0008D00500202DE9F843074688468A
:106D000014460026D4E90195B9F1010905D5246896
:106D1000002CF7D13046BDE8F883AB89012B07D9A9
:106D2000B5F90E30013303D029463846C047064333
:106D30006835E9E70EB46FF0004110B500249DB04E
:106D40001FAB02900690079104910948094953F836
:106D5000042B0591006802A901931B9401F03CFCEF
:106D6000029B1C701DB0BDE8104003B0704700BF0F
:106D7000180000200802FFFF0EB44FF4017270B536
:106D800000259DB021AC54F8046BADF814201B9580
:106D900002900690F9F7E6F90B4B03900B934FF630
:106DA000FF7307900948ADF816303246234602A912
:106DB00000680F951495019401F064FD1DB0BDE8C5
:106DC000704003B0704700BFF36D0008180000204A
:106DD00010B50C46B1F90E1000F06EF80028ABBFEC
:106DE000636DA3891B1823F48053ACBF6365A38133
:106DF00010BD002070472DE9F0411F468B890546E4
:106E0000DB050C46164605D502230022B1F90E100B
:106E100000F040F8A389324623F48053A38128462A
:106E20003B46B4F90E10BDE8F04100F057B810B57C
:106E30000C46B1F90E1000F02DF8431CA38915BFC4
:106E4000606523F4805343F48053A38118BFA3816A
:106E500010BDB1F90E1000F00DB803460244934284
:106E600000D1704703F8011BF9E7000000487047A4
:106E70005801002038B50023054D044608462B6014
:106E8000FBF725FD431C02D12B6803B1236038BDFD
:106E9000D405002038B50446084611460022054DA9
:106EA0002A601A46FBF737FD431C02D12B6803B159
:106EB000236038BDD405002038B504460846114685
:106EC0000022054D2A601A46FBF7C8FC431C02D17C
:106ED0002B6803B1236038BDD405002038B50446C3
:106EE000084611460022054D2A601A46FBF7D3FCDE
:106EF000431C02D12B6803B1236038BDD4050020A8
:106F0000014B1868704700BF1800002070B50026BC
:106F10000C4D0D4C641BA410A64209D102F0ECFCF0
:106F200000260A4D0A4C641BA410A64205D170BD70
:106F300055F8043B98470136EEE755F8043B98476F
:106F40000136F2E77CA300087CA300087CA30008BC
:106F500080A30008704770477047034610B5C9B258
:106F600002449342184601D1002003E00478013323
:106F70008C42F6D110BD2DE9F74F03690C69074625
:106F8000A3427EDB013CA30000F1140501F11408CB
:106F9000009305EB8403019358F8243055F824201E
:106FA00001339A42B2FBF3F608EB84092ED34FF07B
:106FB000000AC446AE46D3465CF8043B98B206FBD2
:106FC00000A01B0C020C06FB0323DEF8002080B29D
:106FD00092B2121A5A44DEF800004FEA134A9BB2EA
:106FE000C3EB224303EB104392B242EA0342E14572
:106FF0004FEA234B4EF8042BDED2009BEB582BB903
:10700000019B043B9D421A462FD33C61384601F058
:107010007FF9002825DB2946002058F8042BD1F8F9
:1070200000C01FFA82FE1FFA8CF3A3EB0E03034489
:10703000120CC2EB234202EB1C429BB243EA024316
:10704000C1454FEA224041F8043BE6D255F82420DE
:1070500005EB840322B9043B9D421A460BD33C61E5
:107060000136304603B0BDE8F08F1268043B002AB9
:10707000CBD1013CC6E71268043B002AEFD1013CAA
:10708000EAE70020EEE700002DE9F04F14461D4628
:10709000C76997B08146CDE90645239E7FB9102088
:1070A00000F00EFE0246C9F81C0020B9EF21AC4BDF
:1070B000AC4801F0F9FFC0E901770760C760D9F873
:1070C0001C30196859B15A68012393404A608B609B
:1070D000484600F0EBFE0022D9F81C301A602B1E47
:1070E000AFBF0023012223F000430793A8BF336002
:1070F000DDF81C809C4BB8BF326033EA080312D124
:1071000042F20F73229A1360C8F31303234300F073
:107110005E85249BDFF854A2002B00F060850AF105
:10712000030300F05ABDDDE90623CDE90C23DDE9B8
:107130000C0100220023F9F741FC074658B1012356
:10714000229A1360249B13B1894B249A1360DFF8B1
:1071500024A200F044BD14AB019315AB0093484644
:10716000DDE90C2301F084F9C8F30A560390002EE0
:1071700078D0DDE90C010D9BA6F2FF36C3F31303B3
:1071800043F07F5343F440131297194600227A4B81
:10719000F8F7F4FF6CA3D3E90023F9F7A7F96CA380
:1071A000D3E90023F8F7ECFF044630460D46F9F723
:1071B00033F969A3D3E90023F9F798F902460B469E
:1071C00020462946F8F7DCFF04460D46F9F73EFC59
:1071D00000220746002320462946F9F7F9FB40B173
:1071E0003846F9F719F922462B46F9F7E7FB00B9BB
:1071F000013F162F54D8DDE90C01604B03EBC703A8
:10720000D3E90023F9F7E4FB00284BD00023013F2A
:107210000F93149B9B1B5A1E49BFC3F1010300230C
:1072200004930023099254BF04930993002F3BDB7E
:10723000099B0E973B44099300230A93209B092B3B
:1072400065D8052BC4BF043B2093209BC8BF0024F6
:10725000A3F10203D8BF0124032B64D8DFE803F0B5
:107260005355382CDDE914631E4406F23243202BBB
:10727000C1BFC3F1400308FA03F806F2124324FA2F
:1072800003F3D6BFC3F1200348EA030004FA03F076
:10729000F9F7B2F80122A1F1F873013E129274E7F6
:1072A0000123B5E70F90B4E7049BDB1B04937B42FB
:1072B0000A9300230E93C1E701230B93219B07EB55
:1072C000030B0BF10103012B0893B8BF012306E068
:1072D00001230B93219B002B28DD9B460893002163
:1072E0000422D9F81C0002F114059D4226D9416000
:1072F000484600F09BFD8246002843D1024640F2FA
:10730000AF111F4BD4E60023E3E70023D5E70124A8
:1073100000230B9420934FF0FF3B00221223CDF863
:1073200020B02192DBE701230B93F4E74FF0010B30
:107330005B46CDF820B0CDF884B0D0E701315200E3
:10734000D1E700BFAFF3008061436F63A787D23FEF
:10735000B3C8608B288AC63FFB799F501344D33F44
:1073600025A000083CA000080000F07F21A0000834
:1073700026A1000825A100080000F83FA8A10008E8
:1073800094A00008D9F81C301860089B0E2B00F25E
:10739000A180002C00F09E80002F33DD9C4B07F075
:1073A0000F0203EBC203F805D3E90034CDE9103432
:1073B0004FEA271416D5DDE90C01964B0326D3E9D5
:1073C0000823F9F7BDF9CDE9060104F00F04914D4A
:1073D00054B9DDE91023DDE90601F9F7B1F9CDE98A
:1073E000060128E00226F2E7E10708D5DDE91001F1
:1073F000D5E90023F9F77AF8CDE9100101366410D8
:107400000835E5E700F0AF80DDE90C017C42804BF8
:1074100004F00F0203EBC203D3E90023F9F766F887
:1074200002260023CDE906017A4D2411002C40F0FC
:107430008F80002BD3D1DDE906450F9B002B00F098
:107440009480002220462946734BF9F7C1FA0028A0
:1074500000F08B80089B002B00F08780BBF1000FB1
:1074600034DD2046002229466C4BF9F73FF85C4694
:10747000CDE9060107F1FF3801363046F8F7CCFFB9
:10748000DDE90623F9F732F80022654BF8F778FEBC
:107490000546A1F15076002C6AD1DDE906010022F3
:1074A000604BF8F76BFE02460B46CDE906232A46F1
:1074B0003346F9F7ABFA002840F09882DDE906017F
:1074C0002A4606F10043F9F783FA38BBDDE90C34AC
:1074D000CDE90634159B002BC0F257810E2F00F327
:1074E00054814B4B03EBC703D3E90034CDE904349B
:1074F000219B002B80F2E580089B002B00F3E180AC
:107500000CD1DDE904010022464BF8F7EFFFDDE97D
:107510000623F9F771FA002800F066820024254658
:10752000219B56466FEA030800272146484600F093
:10753000BDFC002D00F0BD802FB1AF4203D0394615
:10754000484600F0B3FC2946484600F0AFFCB0E0E6
:10755000E20705D5D5E90023F8F7C8FF0123013676
:107560006410083562E7022665E7B846089C84E7A0
:10757000274B0B9903EBC40353E90223544400291E
:1075800054D000202849F9F7DBF833462A46F8F7AB
:10759000F5FD5646CDE91001DDE90601F9F756FA89
:1075A0000546F8F739FF02460B46DDE90601F8F714
:1075B000E5FD02460B463035CDE90623DDE9102313
:1075C00006F8015BF9F704FA002872D1DDE9062319
:1075D00000201149F8F7D2FDDDE91023F9F7F8F999
:1075E000002840F0B480A6423FF470AFDDE91001FE
:1075F00000220A4BF8F77AFF0022CDE91001DDE9FD
:107600000601064BF8F772FFCDE90601C4E700BF9B
:10761000A8A1000880A100080000F03F000024405D
:1076200000001C40000014400000E03F31462846A6
:10763000F8F75CFF5646CDE910011394DDE9060129
:10764000F9F704FA0546F8F7E7FE02460B46DDE9CE
:107650000601F8F793FD02460B46303506F8015B4C
:10766000A642CDE906234FF0000224D1DDE9100146
:10767000AE4BF8F785FD02460B46DDE90601F9F74A
:10768000C5F9002863D1DDE910230020A749F8F7E8
:1076900075FD02460B46DDE90601F9F799F9002868
:1076A0003FF414AF139E731E139316F8013C302B56
:1076B000F8D047463BE09E4BF8F718FFCDE90601AE
:1076C000BCE75646DDE90645DDE9042320462946A8
:1076D000F9F736F8F9F7BAF98046F8F79DFEDDE9D3
:1076E0000423F8F703FF02460B4620462946F8F725
:1076F00045FD08F13004089D06F8014BA6EB0A048D
:10770000A54202460B4633D1F8F73AFDDDE90423E2
:1077100004460D46F9F77AF9C0B9DDE9042320469D
:107720002946F9F74BF910B118F0010F0ED1484670
:10773000039900F0BBFB00233370229B01371F60CD
:10774000249B002B00F04B821E6048E2B846334673
:107750001E4613F8012D392A06D19A45F8D1302258
:1077600008F101088AF800201A7801321A70A0E79F
:1077700000226F4BF8F7BAFE0022002304460D46A4
:10778000F9F71CF900289FD0D1E70B9A002A00F0E6
:10779000EA80209A012A00F3CD80129A002A00F094
:1077A000C18003F233430A9C049E049A01211A44C7
:1077B0000492099A48461A44099200F02BFC0546A7
:1077C00066B1099B002B09DDB342A8BF3346049A7A
:1077D000F61AD21A0492099AD31A09930A9B0BB388
:1077E0000B9B002B00F0C680002C00F0C0802946C7
:1077F0002246484600F0C6FC039A01460546484624
:1078000000F01EFC03998046484600F04FFB0A9B9F
:107810001B1B0A9300F0B18041460A9A484600F0CB
:10782000B1FC03900121484600F0F4FB0E9B044696
:10783000002B00F0D8811A460146484600F0A2FC11
:10784000209B0446012B00F39F80069B002B40F0F9
:107850009780079BC3F31303002B40F09380079B93
:1078600023F000431B0D1B0533B1049B013304932C
:10787000099B0133099301230A930E9B002B00F00F
:10788000B881236904EB8303186900F077FBC0F12A
:107890002000099B184410F01F0000F08280C0F106
:1078A0002003042B73DD049BC0F11C0003440493EC
:1078B000099B064403440993049B002B05DD1A46EB
:1078C0004846039900F0B8FC0390099B002B05DDA6
:1078D00021461A46484600F0AFFC04460F9B002B99
:1078E00061D02146039800F013FD00285BDA0023E5
:1078F0000A224846039900F0FBFA0B9B07F1FF3878
:107900000390002B00F07781294600230A22484685
:1079100000F0EEFABBF1000F05466FDC209B022B56
:1079200049DC6BE0149BC3F136033CE70000E03F09
:1079300000002440089B5C1E0A9BA34209DB1C1B21
:10794000089B002BBFF630AF049B089A9E1A0023B9
:107950002BE70A9B0E9AE31A1A440A94049E002409
:10796000089B0E9221E70A9C049E0B9D28E7DDF8F8
:107970000C8051E70A9A039950E7CDF80C8051E743
:10798000002379E7069B77E700230A9379E793D0F2
:10799000049A1C331A440492099A1E441A44099208
:1079A0008AE70346F4E7089BB846002B20DC9B4699
:1079B000209B022B1EDDBBF1000F7FF4B1AD2146F1
:1079C0005B460522484600F093FA014604460398B8
:1079D00000F09EFC00287FF7A3AD5646312308F146
:1079E000010806F8013B9FE5B846089C2546F4E7E8
:1079F000DDF820B00B9B002B00F00181002E05DD8F
:107A000029463246484600F017FC05460A9B002BE3
:107A10005CD04846696800F009FA064628B9024673
:107A200040F2EF21804BFFF743BB2A6905F10C01BF
:107A3000023292000C3001F029FB01223146484607
:107A400000F0FAFB2F4605460AF1010304930AEB06
:107A50000B030A93069B03F001030993049B214641
:107A6000039803F1FF3BFFF786FA034639463033AC
:107A7000069003980B9300F04BFC2A460890214691
:107A8000484600F061FCC26806460B9B02BB0146FB
:107A9000039800F03DFC02460B9B31464846CDE979
:107AA0000B3200F003FA209B0C9A049E42EA030179
:107AB000099B19430B9B0DD1392B27D0089A002A1B
:107AC00001DD069B31338BF800302EE52846B9E7FF
:107AD0000122E2E70899002904DB20980143099874
:107AE000014320D1002AEEDD012203994846049388
:107AF00000F0A2FB2146039000F00AFC0028049B42
:107B000002DCE0D1DA07DED5392BDAD139238BF864
:107B1000003033461E4616F8012C013B392A4ED060
:107B200001321A7001E5002A03DD392BEED0013352
:107B3000C9E7049A0A9902F8013C8A4228D0002336
:107B40000A220399484600F0D3F9AF4203904FF060
:107B500000034FF00A023946484607D100F0C8F941
:107B600007460546049B0133049377E700F0C0F90C
:107B70002946074600230A22484600F0B9F905467F
:107B8000F0E7BBF1000FCCBF5E460126002756444C
:107B9000012203994846049300F04EFB21460390CE
:107BA00000F0B6FB0028B4DC02D1049BDB07B0D4A4
:107BB00033461E4613F8012D302AFAD0B5E49A4513
:107BC000A8D1312308F101088AF80030ADE4249BE4
:107BD000DFF858A01BB10AF10803249A136050463D
:107BE00017B0BDE8F08F209B012B7FF72EAE0E9BC8
:107BF0000A9301204DE6BBF1000F7FF7D9AE564640
:107C000021460398FFF7B7F900F1300306F8013B6E
:107C1000A6EB0A029345B4DD00230A2248460399E5
:107C200000F066F90390EBE794A0000818A00008A4
:107C300038B50546002940D051F8043C0C1F002BF4
:107C4000B8BFE41800F0E6F81C4A136833B9636063
:107C500014602846BDE8384000F0E2B8A34208D9D5
:107C6000206821188B4201BF19685B6809182160E0
:107C7000EDE71A465B680BB1A342FAD911685018B8
:107C8000A0420BD120680144501883421160E0D11A
:107C900018685B68084410605360DAE702D90C2367
:107CA0002B60D6E7206821188B4201BF19685B68FA
:107CB0000918216063605460CBE738BDE0050020FF
:107CC000024B0146186800F025B800BF18000020DC
:107CD00070B50F4E0C463168054611B901F0C6F972
:107CE00030602146284601F0C1F9431C03D14FF012
:107CF000FF34204670BDC41C24F00304A042F8D019
:107D0000211A284601F0B2F90130F2D1EFE700BFA5
:107D1000DC0500202DE9F843CD1C25F003050835CE
:107D20000C2D38BF0C25002D064601DBA94204D9D5
:107D30000C2333600020BDE8F883DFF8D48000F026
:107D400069F8D8F800301C4644BB29463046FFF796
:107D5000BFFF431C044658D1D8F800402746002FE7
:107D600043D1002C4BD023683946304604EB03093D
:107D700001F07CF9814542D1216830466D1A2946CF
:107D8000FFF7A6FF01303AD023682B442360D8F8D0
:107D900000305A6862BBC8F800700FE02268521BBE
:107DA00020D40B2A17D96119A342256018BF596046
:107DB000636808BFC8F8001062514B60304600F09D
:107DC0002FF804F10B00231D20F00700C21A1CBF7E
:107DD0001B1AA350AFE76268A3420CBFC8F800208B
:107DE0005A60EBE723466468AEE73C467F68B6E737
:107DF0001A465B68A342FBD100235360DEE70C23E5
:107E00003046336000F00CF894E70560D6E700BF19
:107E1000E00500200148FFF79EB800BFD80500200C
:107E20000148FFF799B800BFD805002070B5C669B2
:107E300004460D4676B91020FFF742FF0246E06186
:107E400020B96B21174B184801F02EF9C0E90166E3
:107E50000660C660E669F36883B1E369DB6853F8DE
:107E60002500B8B9012101FA05F6721D20469200DD
:107E700001F038F960B1C0E901560EE02122042179
:107E8000204601F02FF9E369F060DB68002BE4D1B4
:107E9000002070BD026843F825200023C0E90333A9
:107EA000F7E700BF25A00008A5A0000870B5C669C7
:107EB00005460C4676B91020FFF702FF0246E8613E
:107EC00020B98F21084B094801F0EEF8C0E901669E
:107ED0000660C6603CB1EB696268DB6853F822104B
:107EE000216043F8224070BD25A00008A5A000082D
:107EF0002DE9F04107460C461E4600200D6901F1B0
:107F0000140CDCF80030013099B202FB01611E0C48
:107F10000B0C02FB063389B201EB034185424FEAA9
:107F200013464CF8041BECDC0EB3A368AB4219DC1F
:107F3000616838460131FFF779FF804628B902466B
:107F4000BA210C4B0C4801F0AFF8226904F10C0186
:107F5000023292000C3001F099F821463846FFF7C2
:107F6000A5FF444604EB850301355E61256120468B
:107F7000BDE8F08194A00008A5A000080346B0F574
:107F8000803F3ABF030410200020B3F1807F3CBF44
:107F90001B020830B3F1805F3CBF1B010430B3F11A
:107FA000804F3CBF9B000230002B05DB13F0804F5D
:107FB00000F1010008BF202070470368024613F05B
:107FC00007000BD0D90721D4980749BF5B089B084D
:107FD000012013605CBF02201360704799B209B999
:107FE00010201B0CD9B209B908301B0A190704BFAD
:107FF0001B090430990704BF9B080230D90703D43A
:108000005B0800F1010003D0136070470020704747
:108010002020704710B50C460121FFF707FF0246EC
:1080200028B940F24511044B044801F03DF8012302
:108030004461036110BD00BF94A00008A5A0000822
:108040002DE9F04F17460A693B6989469A42A2BF5B
:108050003B460F4699463D69D9F810A0BB68796840
:1080600005EB0A06B34285B0B8BF0131FFF7DEFE6B
:1080700030B902464FF4B171404B414801F014F859
:1080800000F114042346002204EB860E734520D32E
:1080900007F1140809F1140108EB850501EB8A03C7
:1080A0000293EB1B153B23F0030304331537BD424A
:1080B00038BF04230193029B03918B420CD8002EFE
:1080C00003DD5EF8043D002B55D0066105B0BDE828
:1080D000F08F43F8042BD9E7B1F800A0BAF1000FF4
:1080E0001FD0C446A14600275CF8042BD9F8003005
:1080F0001FFA82FB9BB20AFB0B333B44D9F800709A
:10810000120C3F0C0AFB027202EB13429BB243EAD1
:10811000024365454FEA124749F8043BE4D8019B06
:10812000E750039B0431B3F80290B9F1000F20D05F
:108130004746A4464FF0000A2368B7F800B0BCF8E1
:1081400002209BB209FB0B22524443EA02434CF843
:10815000043B57F8043B4FEA134ABCF80030BD42D9
:1081600009FB0A3303EB12434FEA134AE5D8019A9D
:10817000A35004349FE7013EA1E700BF94A000088C
:10818000A5A000082DE9F843154612F003020746A2
:108190000E4607D0254C013A002354F82220FFF761
:1081A000A7FE0646AD103DD0FC697CB91020FFF754
:1081B00087FD0246F86128B940F2B3111C4B1D48F7
:1081C00000F072FFC0E901440460C460D7F81C806D
:1081D000D8F808404CB940F271213846FFF71AFF31
:1081E00000230446C8F8080003604FF00009EB07BD
:1081F0000AD5314622463846FFF722FF80463146EF
:108200003846FFF753FE46466D100BD0206838B94C
:10821000224621463846FFF713FF2060C0F8009041
:108220000446E4E73046BDE8F88300BF70A10008CB
:1082300025A00008A5A000082DE9F0470C46074638
:1082400091462369496803EB6218A3684FEA621AF2
:1082500008F10106B3420BDB3846FFF7E7FD0546A0
:1082600048B902464FF4EF71274B284800F01CFF35
:1082700001315B00EEE7002300F1140100F1100270
:108280001846534533DB20692AEAEA7A04F11403DD
:1082900019F01F0901EB8A0103EB800C2BD08A46F1
:1082A0000022C9F1200E186800FA09F010434AF8BC
:1082B000040B53F8042B9C4522FA0EF2F3D8ACEBD6
:1082C0000403153B23F00303043304F11500604558
:1082D00088BF0423CA500AB108F10206013E38469D
:1082E00021462E61FFF7E2FD2846BDE8F08742F8FF
:1082F000040F0133C5E7043953F8042B9C4541F8BA
:10830000042FF9D8EAE700BF94A00008A5A0000850
:1083100003460A69006930B5801A0ED1143314314E
:1083200003EB820401EB820154F8045D51F8042D43
:10833000954203D005D24FF0FF3030BDA342F3D3B6
:10834000FBE70120F9E700002DE9F74F89460646D3
:10835000114648461446FFF7DBFF051E12D1294699
:108360003046FFF763FD024628B940F237213E4B05
:108370003E4800F099FE0123C0E90435104603B0E1
:10838000BDE8F08FBCBF4B46A1463046D9F804107B
:10839000BABF1C4601250025FFF748FD024618B963
:1083A00040F24521304BE3E700F1140BD9F810708F
:1083B00009F11003C5604FF0000C09F11405D9460E
:1083C000266904F1140E05EB87080EEB860601936F
:1083D000019B5EF8040B53F804AF81B201931FFABE
:1083E0008AF35B1A000C6344C0EB1A4000EB234095
:1083F0009BB243EA004376454FEA204C49F8043BE0
:10840000E6D8331B153B23F0030315340433A6428F
:1084100038BF04231D445B441E462C4644450ED3FE
:1084200008F10301491B21F00301033DA84538BFB2
:1084300000210B4453F8041D99B117619EE7E646ED
:1084400054F8041B1FFA81FCF444080C714400EB3F
:108450002C4089B241EA00414FEA204C46F8041B07
:10846000DCE7013FE6E700BF94A00008A5A00008F4
:108470002DE97343012190469946089EFFF7D6FCEB
:10848000044630B9024640F20F31234B234800F036
:108490000BFEC9F30A55C9F313030DB143F480135E
:1084A0000193B8F1000324D068460093FFF785FDDF
:1084B000DDE90012D8B1C0F1200302FA03F30B4347
:1084C000C24063610192019B002B0CBF012202227A
:1084D000A3612261ADB1A5F2334505443560C0F119
:1084E0003500099B1860204602B0BDE870836161C9
:1084F000E9E701A8FFF761FD019B012263612030DC
:10850000E7E7A0F2324004EB820330601869FFF71E
:1085100035FDC0EB4210E4E794A00008A5A00008D8
:108520002DE9F0471F468E688246BE420C469046B3
:108530000B682DD8B1F90C2012F4906F26D0656924
:10854000096905EB4505A3EB010905EBD5757B1C16
:108550004B446D109D4238BF1D46530527D5294613
:10856000FFF7D8FB064660B34A46216900F08EFD4E
:10857000A38923F4906343F08003A38126614E44D2
:1085800026603E466561A5EB0905A560BE4200D99F
:108590003E4632464146206800F04DFD0020A3686B
:1085A0009B1BA360236833442360BDE8F0872A4601
:1085B00000F0BEFD06460028E0D150462169FFF7D5
:1085C00037FB0C23CAF80030A3894FF0FF3043F08B
:1085D0004003A381E9E700002DE9F04F98468B891D
:1085E00007461B060D4614469DB010D50B6973B99E
:1085F0004021FFF78FFB2860286130B90C233B60D6
:108600004FF0FF301DB0BDE8F08F40236B610023B9
:10861000099320238DF8293030234FF00109CDF83C
:108620000C80DFF898818DF82A3023469A4613F89B
:10863000012B0AB1252AF9D1BAEB040B0BD05B460A
:10864000224629463846FFF76BFF013000F0A7802D
:10865000099A5A4409929AF80030002B00F09F8042
:1086600000234FF0FF32CDE905230AF1010A0493FC
:1086700007938DF853301A935446052214F8011BC2
:108680004E48FEF76AFC049AD8B9D00644BF2023AE
:108690008DF85330110744BF2B238DF853309AF8CF
:1086A00000302A2B15D0544600204FF00A0C079AB0
:1086B000214611F8013B303B092B4BD9B0B1079251
:1086C00014E0A0EB080309FA03F31343A246049352
:1086D000D2E7039B191D1B680391002BBBBF5B42B4
:1086E00042F0020207930793B8BF049223782E2B1F
:1086F0000AD163782A2B32D1039B02341A1D1B68DE
:10870000039243EAE3730593DFF8B4A003225046D3
:108710002178FEF722FC38B14022049BA0EB0A002E
:10872000824013430134049314F8011B06222548A8
:108730008DF82810FEF711FC002836D0224B1BBB09
:10874000039B073323F0070308330393099B334448
:1087500009936AE70C4601200CFB0232A8E70023CC
:108760004FF00A0C194601340593204610F8012BEE
:10877000303A092A03D9002BC6D00591C4E7044634
:1087800001230CFB0121F0E703AB00932A46384696
:108790000E4B04A9FDF750FE421C0646D6D1AB890C
:1087A0005B063FF52DAF09982CE703AB00932A46F3
:1087B0003846064B04A9FEF7DDF8EDE7FEA00008F9
:1087C00004A1000808A100083964000821850008F8
:1087D00038B54B1C144603D14FF0FF35284638BD41
:1087E0009389CDB223F020039381636B52688BB1E0
:1087F000A36B934208DD23685A1E226003F8015CD4
:10880000636801336360E9E7214600F0DCFB002880
:10881000F1D0E1E72169236851B1994208D213F8F8
:10882000011CA94204D1013B013223606260D5E7FB
:10883000C4E90F3204F1440363630323A3632346B3
:1088400003F8465F23600123DCE710B50C46496B53
:1088500069B104F14403994201D0FFF7E9F900201E
:10886000236C6063636013B1E36B236010BD236905
:108870004FF0FF30236000236360A38943F020039F
:10888000A381F3E72DE9F04F0C4600210646ADF534
:10889000237DCDE94411AB490DF10408A091AA490B
:1088A000AA4FCDF81881A191009392F80090B9F1E8
:1088B000000F00F0598117F80930551C13F0080318
:1088C00019D06368002B0FDD23681A78BA5C120791
:1088D00001D42A46E9E7459A01330132459262689C
:1088E0002360013A6260ECE721463046A19B98473D
:1088F0000028E9D0EDE7B9F1250F40F086804193DB
:10890000439353782A2B04BF1023951C4FF00A027F
:1089100008BF4193AA461AF8011BA1F13003092BA5
:108920001ED9DFF82CB203225846FEF716FB38B1E9
:1089300001235546419AA0EB0B008340134341931A
:1089400015F8013B782B06D8572B10D8252B5CD077
:1089500056D8002B74D0032347930A23429387E011
:10896000439B554602FB031130394391D2E7A3F1F3
:108970005802202AEFD801A151F822F04F8A0008AE
:108980005789000857890008A98A000857890008F4
:108990005789000857890008578900085789000837
:1089A0005789000857890008BF8A0008A58A00086F
:1089B000078A0008078A0008078A00085789000804
:1089C000618A0008578900085789000857890008FC
:1089D00057890008CF8A0008698A0008478A00087A
:1089E0005789000857890008CB8A00085789000872
:1089F000A58A000857890008578900084F8A00088F
:108A0000453B022BA7D8052331E06368002B0DDD21
:108A100023681A784A4540F0A780013362682360D2
:108A2000459B013A01336260459352E72146304647
:108A3000A19B98470028EBD04498002840F08C80F8
:108A40004FF0FF308CE0419A42F020024192419A6F
:108A500042F40072419210226E2B429202D905E03C
:108A600000234293032302E0082342930423479305
:108A70006368002B39DD419B590604D423681A78BA
:108A8000BA5C120738D4479B022B47DC6B46224660
:108A9000304641A900F06AF8012865D002287FF429
:108AA00018AFC9E70A22D7E72946404600F052FA34
:108AB000419B054643F0400341930123D7E7419B87
:108AC00043F0400341930023D1E70223CFE74198CD
:108AD000C3063FF5FEAE009B459A191D00911B6829
:108AE000C0074CBF1A801A60F3E621463046A19BAE
:108AF00098470028BFD09FE7459A013245926268A7
:108B0000013A002A626002DD01332360B6E72146A4
:108B10003046A19B98470028B0D08DE7042B06DC97
:108B20006B462246304641A900F07AF8B4E7094B7B
:108B3000002B3FF4CEAE6B462246304641A9AFF340
:108B40000080A9E7D18700084B88000871A20008BF
:108B500004A1000800000000A3895B063FF570AF88
:108B60000DF5237DBDE8F08F4498F9E72DE9F84332
:108B700015468A6880460C4632B98A69002A14BFB5
:108B80004FF0FF3201228A6000272268DFF88C90C4
:108B9000D1065FBF1A68111D19601668A06988B1F7
:108BA000012807D12B681A7863699B5C53B9002FA1
:108BB00031D022E0022820D12B681B7819F803302D
:108BC0001B071AD423680137DA065EBF2B681B78AF
:108BD00006F8013B2A686B6801322A60A268013BF3
:108BE000013A6B60A26042B1002BD7DC29464046B7
:108BF000D4F8803198470028D0D0236813F01003B0
:108C000005D1E2680132E260A26902B1337000204E
:108C100023693B442361BDE8F88300BF71A20008CB
:108C20002DE9F04F0C469846724B87B082461646A7
:108C300093E8070003AB83E807006F4BA1696F4A15
:108C40002746032908BF1A46A36801925A1EB2F5A7
:108C5000AE7F81BF6FF4AE7503EB050940F25D1383
:108C6000A36057F81C3B98BF4FF000093D464FF0FA
:108C7000000B43F450632360316803AB0222097890
:108C800053F82B00FEF769F928B3BBF1010F59D156
:108C900062682AB908212268616042F40072226089
:108CA000226822F4A0622260A268511EA16092B1E3
:108CB0003268511C3160127805F8012B7268013A54
:108CC000002A726007DC31465046D4F88021904774
:108CD000002840F085800BF1010BBBF1030FCBD1D5
:108CE00063680BB90A236360636845496069C91A00
:108CF00000F030F94FF0000BA3682268002B3DD044
:108D00003168606991F800C010F80C00002835D077
:108D1000BCF1300F24D1100522D50BF1010BB9F1B4
:108D2000000F03D0013309F1FF39A3607368013BE1
:108D3000002B73601BDD336801333360A368013B94
:108D4000A360D9E7BBF1020FAED1226802F4C06183
:108D5000B1F5007FC4D1102142F480726160A2E7B6
:108D600022F4106222600B7805F8013BDEE7314601
:108D70005046D4F8803198470028DFD02368D905C1
:108D80000DD5BD4209D915F8011C32465046D4F81C
:108D90007C3105F1FF3998474D46BD4228D0226805
:108DA00012F0100213D12A70394663685046019EB2
:108DB000B047D8F8003021681A1DC8F8002011F01B
:108DC000200F1B680FD01860E3680133E3600020B8
:108DD0002369ED1B5D442B44236107B0BDE8F08F90
:108DE0004FF0000BCAE7CA074CBF18801860EBE7CA
:108DF0000120F2E7609F000881920008619300085B
:108E00001FA10008B1F90C20F8B5160705460C465D
:108E100054D44B68002B02DC0B6C002B48DDE66A57
:108E2000002E45D0002312F480522F68216A2B6057
:108E300030D0626DA389590705D56368D21A636B78
:108E40000BB1236CD21A00232846E66A216AB04788
:108E5000431CA38906D129681D292BD8284ACA405A
:108E6000D60727D5002262602269D904226004D582
:108E7000421C01D12B6803B96065616B2F60B9B1E9
:108E800004F14403994202D02846FEF7D1FE0023A4
:108E900063630DE001232846B0470246501CC9D148
:108EA0002B68002BC6D01D2B01D0162B1DD12F6097
:108EB000002021E043F040031BB21AE00F69002FAD
:108EC000F6D0930718BF00230E6808BF4B69F61B46
:108ED0000F608B60002EEBDD33463A462846216A50
:108EE000D4F828C0E047002807DCB4F90C3043F080
:108EF00040034FF0FF30A381F8BD0744361AE9E77D
:108F00000100402038B50B6905460C4613B9002511
:108F1000284638BD18B1036A0BB9FDF7D5FEB4F980
:108F20000C30002BF3D0626ED00704D4990502D424
:108F3000A06DFEF710F828462146FFF763FF636E29
:108F40000546DA07E4D4A3899B05E1D4A06DFEF7BA
:108F500003F8DDE770B50B7804465E2B0BBF4B784A
:108F60004A1C8A1C002108BF0121013804F1FF05B9
:108F700000F8011FA842FBD10BB9501E70BD81F053
:108F800001011046E154024612F8015B2D2D05D077
:108F90005D2D16D0002DF1D02B46F2E746785D2EE0
:108FA000FAD0B342F8DC1A46023001329642A1549C
:108FB000FBDCF21A013AB342A8BF00225D1CAB18D9
:108FC000E1E71046DAE72DE9F0410C46496B04F180
:108FD000440399421BD14FF48061FEF79BFE18B900
:108FE0004FF0FF30BDE8F0814FF48063A36394F845
:108FF0004630606380F8FF3394F8453000F2FD306E
:10900000437094F84430037020600020EAE7A66BB8
:1090100077003A4600F08CF805460028E0D000EBD7
:10902000060801463246404600F030F8C4E90D57C4
:10903000C4F80080E9E7884210B501EB020402D9C8
:109040008442234607D8431EA14208D011F8012BC1
:1090500003F8012FF8E7014602448A4200D110BD0F
:1090600013F8014D02F8014DF7E7000038B5002371
:10907000054D044608462B60F9F75AFC431C02D103
:109080002B6803B1236038BDD40500200A44914207
:1090900000F1FF3300D1704710B511F8014B914238
:1090A00003F8014FF9D110BD1FB514461A46094BFC
:1090B00005461B68D8684CB1074BCDE901340091D7
:1090C0002B46064900F05CF900F06CF9044B1C4695
:1090D000F3E700BF1800002034A1000841A10008F8
:1090E0006FA1000870B5A1FB025434B92946FEF700
:1090F00011FE064628B9304670BD0C2200260260DB
:10910000F9E72A462146FDF7A8FEF4E782B001B947
:1091100001A942B14BB113780B601278101E18BF31
:10912000012002B070471046FBE76FF00100F8E73E
:109130002DE9F041074614460D4621B91146BDE818
:10914000F041FEF7E7BD2AB9FEF772FD2546284635
:10915000BDE8F08100F02DF98442064602D8B4EB58
:10916000500FF4D821463846FEF7D4FD804608B9A2
:109170004546ECE7B4422246294628BF3246FFF76F
:1091800085FF29463846FEF753FDF1E7242B2DE9EC
:10919000F0478646904601D8012B06D1FDF7B0FE78
:1091A000162303600020BDE8F0870D4633482A46A9
:1091B00015F8014B065D16F00806F8D12D2C10D1DC
:1091C00001262C78951C33F0100215D1302C0DD1CE
:1091D0002A7802F0DF02582A08D16C780235102371
:1091E0000AE02B2C04BF2C78951CECE7002BF6D161
:1091F000302C14BF0A230823002206F1004C0CF186
:10920000FF3CBCFBF3F9104603FB19CAA4F130077D
:10921000092F0FD83C46A3421BDD571C07D08145C0
:1092200014D301D1A24511DB012200FB034015F844
:10923000014BEBE7A4F14107192F01D8373CEAE7CE
:10924000A4F16107192F04D8573CE4E74FF0FF322F
:10925000EDE7531C08D122236046CEF80030B8F168
:10926000000FA0D0691E06E006B14042B8F1000F21
:1092700099D0002AF6D1C8F8001094E771A200082E
:10928000FFF784BF2DE9F04386460D46334E28464E
:1092900015F8014B375D17F00807F8D12D2C10D1C8
:1092A00001272C78851C33F0100015D1302C0DD1FE
:1092B000287800F0DF00582808D16C780235102398
:1092C0000AE02B2C04BF2C78851CECE7002BF6D190
:1092D000302C14BF0A2308234FF0FF38B8FBF3F8F3
:1092E000002603FB08F930466FEA0909A4F1300CA7
:1092F000BCF1090F10D86446A3421EDDB6F1FF3F52
:1093000007D0804516D301D1A14513DB012600FB10
:10931000034015F8014BE9E7A4F1410CBCF1190F2A
:1093200001D8373CE8E7A4F1610CBCF1190F04D86F
:10933000573CE1E74FF0FF36EBE7731C06D12223E1
:109340003046CEF8003032B9BDE8F08307B1404274
:10935000002AF9D006B1691E1160F5E771A2000874
:10936000FFF790BF0346084641B1FF2A04D98A227D
:109370004FF0FF301A60704701200A7070470000FC
:109380000EB403B5014603AB054853F8042B00683F
:10939000019300F03DF802B05DF804EB03B07047B4
:1093A00018000020062008B500F006FA0120F9F7A1
:1093B0004AFA51F8043C181F002BBCBF0B58C018C8
:1093C0007047936810B4013B002B936007DA9469EF
:1093D000A34201DB0A2902D110BC00F031B91368A5
:1093E000581C10601970084610BC7047F8B5064646
:1093F0000F461446D518AC4201D1002007E03A468A
:10940000304614F8011BFFF7DCFF431CF3D1F8BD15
:109410002DE9F04F0D461446984606469DB018B10A
:10942000036A0BB9FDF750FC6B6ED90705D4AB8905
:109430009A0502D4A86DFDF78EFDAB891B0701D5F7
:109440002B699BB92946304600F038F970B16B6E34
:10945000DC0704D54FF0FF301DB0BDE8F08FAB89BD
:109460009805F7D4A86DFDF777FDF3E7002309937E
:1094700020238DF8293030234FF00109CDF80C80DE
:10948000DFF8A8818DF82A3023469A4613F8012B7D
:109490000AB1252AF9D1BAEB040B0BD05B46224660
:1094A00029463046FFF7A2FF013000F0A780099A55
:1094B0005A4409929AF80030002B00F09F80002354
:1094C0004FF0FF32CDE905230AF1010A0493079317
:1094D0008DF853301A935446052214F8011B534853
:1094E000FDF73BFD049AD8B9D10644BF20238DF87F
:1094F0005330130744BF2B238DF853309AF80030B4
:109500002A2B15D0544600204FF00A0C079A21460A
:1095100011F8013B303B092B4BD9B0B1079214E055
:10952000A0EB080309FA03F31343A2460493D2E71E
:10953000039B191D1B680391002BBBBF5B4242F0CC
:10954000020207930793B8BF049223782E2B0AD107
:1095500063782A2B32D1039B02341A1D1B680392B5
:1095600043EAE3730593DFF8C8A00322504621784D
:10957000FDF7F3FC38B14022049BA0EB0A008240C7
:1095800013430134049314F8011B062229488DF873
:109590002810FDF7E2FC00283FD0274B1BBB039BA4
:1095A000073323F0070308330393099B3B440993D4
:1095B0006AE70C4601200CFB0232A8E700234FF0BB
:1095C0000A0C194601340593204610F8012B303A55
:1095D000092A03D9002BC6D00591C4E7044601230C
:1095E0000CFB0121F0E703AB00932A463046134BF6
:1095F00004A9FCF721FF0746781CD6D16B6ED9076A
:1096000005D4AB899A0502D4A86DFDF7A5FCAB89FA
:109610005B063FF51FAF09981EE703AB00932A4690
:109620003046064B04A9FDF7A5F9E4E7FEA00008C3
:1096300004A1000808A1000839640008ED9300089F
:10964000F8B50E461446054618B1036A0BB9FDF786
:109650003BFBA369A360A3891A0701D5236943B91A
:109660002146284600F02AF818B14FF0FF37384657
:10967000F8BD23682269F6B2981A636937468342B7
:1096800005DC21462846FFF73DFC0028EDD1A36804
:10969000013BA36023685A1C22601E706269431C50
:1096A0009A4204D0A389DB07E1D50A2EDFD12146F7
:1096B0002846FFF727FC0028D9D0D6E738B5294B34
:1096C000054618680C4618B1036A0BB9FDF7FCFA99
:1096D000B4F90C30190722D4DA0607D409222A601B
:1096E00043F040034FF0FF30A38133E0580712D519
:1096F000616B41B104F14403994202D02846FEF760
:1097000097FA00236363A38923F02403A381002332
:10971000636023692360A38943F00803A38123695D
:109720004BB9A38903F42073B3F5007F03D021461E
:10973000284600F082F8B4F90C3013F001020AD088
:109740000022A26062695242A261226942B913F00A
:109750008000C5D138BD990758BF6269A260F4E79F
:109760000020F7E7180000201F2938B505460C46F1
:1097700004D9162303604FF0FF3038BDC26B12B11D
:1097800052F821304BB9284600F030F82246014605
:109790002846BDE8384000F017B8012B0AD0591C04
:1097A00003D1162303600120E7E70021204642F899
:1097B000241098470020E0E7024B01461868FFF7A5
:1097C000D3BF00BF1800002038B50023064D044663
:1097D000084611462B60F9F726F8431C02D12B6886
:1097E00003B1236038BD00BFD4050020F9F714B8D9
:1097F00070B50C46B1F90E10154600291E4696B0FC
:109800000CDAA389002113F0800F14BF40234FF41A
:109810008063002031602B6016B070BD6A4600F096
:1098200049F80028EDDB019901F47041A1F50053DE
:10983000594259414FF48063EBE78B89F7B59D0797
:1098400006460C4607D504F1470323602361012334
:10985000636103B0F0BD6A4601ABFFF7C9FF009F2B
:10986000054639463046FEF755FA48B9B4F90C308A
:109870009A05EED423F0030343F00203A381E2E749
:10988000A389C4E9040743F08003A381019B2060FE
:109890005BB13046B4F90E1000F01EF828B1A38970
:1098A00023F0030343F00103A381A3891D43A58192
:1098B000CFE7000038B50023064D044608461146A0
:1098C0002B60F9F70FF8431C02D12B6803B123601A
:1098D00038BD00BFD405002038B50023054D04462F
:1098E00008462B60F9F70DF8431C02D12B6803B131
:1098F000236038BDD4050020F8B500BFF8BC08BC13
:109900009E467047F8B500BFF8BC08BC9E4670473D
:109910005350443A25642E256420534F433A25641E
:109920002E2564205452513A256420544D503A2536
:10993000642E256420524E473A2564204143433A21
:1099400025642042524B3A25640D0A00463A2564AC
:10995000204C3A256420523A2564205454433A2539
:10996000642E25647320434F4C3A256420425344AF
:109970003A2564256420414C4D3A256420464C54D8
:109980003A253032580D0A000D0A3D3D3D3D3D203F
:109990004556204144415320535441545553203D92
:1099A0003D3D3D3D0D0A000020537065656420205B
:1099B0002020203A2025642E2564206B6D2F680D11
:1099C0000A00000020534F43202020202020203A6E
:1099D0002025642E25642025250D0A0020546F7251
:1099E000717565202020203A202564204E6D0D0AD7
:1099F00000000000204D6F746F722054656D703A46
:109A00002025642E256420646567430D0A0000004C
:109A10002052616E676520202020203A2025642096
:109A20006B6D0D0A00000000204472697665204DC0
:109A30006F64653A2025730D0A00000020416363BE
:109A4000656C20202020203A2025642025250D0A41
:109A500000000000204272616B6520202020203A27
:109A60002025642025250D0A000000002D2D2D2025
:109A700041444153202D2D2D0D0A00002046726FC8
:109A80006E7420202020203A20256420636D0D0A6A
:109A900000000000204C6566742020202020203A21
:109AA00020256420636D0D0A0000000020526967C4
:109AB000687420202020203A20256420636D0D0A40
:109AC0000000000020545443202020202020203A71
:109AD0002025642E2564730D0A00000020436F6C5E
:109AE0006C6973696F6E203A2025640D0A000000CE
:109AF00020416C61726D20202020203A2025730DBA
:109B00000A0000002D2D2D204641554C54202D2DAE
:109B10002D0D0A0020466C61677320202020203A1A
:109B20002030782530325820204163746976653AB8
:109B300025640D0A00000000205B4641554C545F2F
:109B40004F545D20204D6F746F72206F7665726880
:109B50006561740D0A000000205B4641554C545F5E
:109B6000534F435D204C6F77206261747465727946
:109B70000D0A0000205B4641554C545F434F4C5D3D
:109B800020436F6C6C6973696F6E206372697469CE
:109B900063616C0D0A0000003D3D3D3D3D3D3D3D96
:109BA0003D3D3D3D3D3D3D3D3D3D3D3D3D3D3D3DE5
:109BB0003D3D0D0A3E20000045434F004E4F524DA3
:109BC000414C000053504F5254000000B89B000815
:109BD000BC9B0008C49B00084E4F4E45000000008F
:109BE00041445649534F5259000000005741524ECC
:109BF000494E4700435249544943414C000000003C
:109C0000D89B0008E09B0008EC9B0008F49B000830
:109C10006D6F6465202533317300000065636F004C
:109C20006E6F726D616C000073706F727400000073
:109C3000556E6B6E6F776E206D6F64652E20557359
:109C4000653A2065636F206E6F726D616C20737072
:109C50006F72740D0A3E20004F4B0D0A3E2000002B
:109C600073706565642073657420256600000000CC
:109C7000736F6320736574202566000074656D70D2
:109C800020736574202566006F62737461636C6570
:109C9000202566006F62737461636C6520636C6578
:109CA000617200006661756C7420696E6A65637428
:109CB00020253331730000006D6F746F7200000057
:109CC000496E6A6563746564206D6F746F72206F8E
:109CD000766572686561742028393520646567434C
:109CE000290D0A3E20000000736F6300496E6A650B
:109CF00063746564206C6F7720534F4320283125AF
:109D0000290D0A3E20000000636F6C00496E6A65F1
:109D10006374656420636F6C6C6973696F6E206334
:109D20007269746963616C0D0A3E20005573653A6F
:109D3000206661756C7420696E6A656374206D6F4E
:109D4000746F727C736F637C636F6C0D0A3E2000CE
:109D50006661756C7420636C656172004661756C38
:109D6000747320636C65617265642E205374617432
:109D7000653A205041524B45440D0A3E20000000F8
:109D8000616C61726D207465737400005465737446
:109D9000696E672041445649534F52592E2E2E0D5D
:109DA0000A00000054657374696E67205741524E73
:109DB000494E472E2E2E0D0A000000005465737484
:109DC000696E6720435249544943414C2E2E2E0D53
:109DD0000A000000446F6E650D0A3E20000000007E
:109DE00073746174757300007265736574000000AC
:109DF000526573657474696E672E2E2E0D0A00000D
:109E000068656C70000000003F0000000D0A436FA1
:109E10006D6D616E64733A0D0A20206D6F6465206C
:109E20003C65636F7C6E6F726D616C7C73706F727A
:109E3000743E0D0A2020737065656420736574207C
:109E40003C6B6D683E0D0A2020736F632073657450
:109E5000203C7063743E0D0A202074656D70207381
:109E60006574203C646567433E0D0A20206F627371
:109E70007461636C65203C636D3E0D0A20206F6247
:109E8000737461636C6520636C6561720D0A2020D8
:109E90006661756C7420696E6A656374203C6D6FD1
:109EA000746F727C736F637C636F6C3E0D0A20204D
:109EB0006661756C7420636C6561720D0A202061A7
:109EC0006C61726D20746573740D0A202073746167
:109ED0007475730D0A202072657365740D0A202055
:109EE00068656C700D0A3E2000000000556E6B6EB8
:109EF0006F776E20636F6D6D616E642E2054797084
:109F000065202768656C70270D0A3E200000000060
:109F10000D0A3D3D3D204556204144415320537993
:109F20007374656D205265616479203D3D3D0D0A75
:109F30000000000054797065202768656C70272048
:109F4000666F7220636F6D6D616E64730D0A3E20E3
:109F5000000000000D0A00000D0A3E200000000075
:109F600021A1000824A1000827A100089A99193FFF
:109F70000000803F6666A63F000000000000000071
:109F8000010203040607080900000000010203049F
:109F9000000C014001000000000C01400200000024
:109FA000000C014004000000000C0140080000000B
:109FB000000C014010000000000C014020000000D7
:109FC00002030405060708090A0B0C0D0E0F1010FA
:109FD0000102000002030405060708090A0B0C0D24
:109FE0000E0F10100102494E4600696E66004E4188
:109FF0004E006E616E0030313233343536373839C9
:10A0000041424344454600303132333435363738E7
:10A010003961626364656600496E66696E69747968
:10A02000004E614E005245454E54206D616C6C6F80
:10A030006320737563636565646564002F62756989
:10A040006C642F676E752D746F6F6C732D666F72F5
:10A050002D73746D33325F31332E332E72656C3154
:10A060002E32303234303932362D313731352F738C
:10A0700072632F6E65776C69622F6E65776C6962AB
:10A080002F6C6962632F7374646C69622F64746FE0
:10A09000612E630042616C6C6F632073756363654E
:10A0A00065646564002F6275696C642F676E752D39
:10A0B000746F6F6C732D666F722D73746D33325FB6
:10A0C00031332E332E72656C312E323032343039CA
:10A0D00032362D313731352F7372632F6E65776CC1
:10A0E00069622F6E65776C69622F6C6962632F738A
:10A0F00074646C69622F6D707265632E6300232D2A
:10A10000302B2000686C4C0065666745464700416F
:10A110002D46612D66383930313233343536375D6E
:10A12000002B2D003030007858004300504F534929
:10A1300058002E002C2066756E6374696F6E3A208D
:10A1400000617373657274696F6E2022257322201B
:10A150006661696C65643A2066696C6520222573C6
:10A16000222C206C696E65202564257325730A00F6
:10A1700005000000190000007D0000000000000044
:10A180000080E03779C34143176E05B5B5B89346F3
:10A19000F5F93FE9034F384D321D30F94877825ABF
:10A1A0003CBF737FDD4F1575000000000000F03FDD
:10A1B00000000000000024400000000000005940A2
:10A1C0000000000000408F40000000000088C340F5
:10A1D00000000000006AF8400000000080842E416A
:10A1E00000000000D01263410000000084D79741B6
:10A1F0000000000065CDCD41000000205FA00242BC
:10A20000000000E876483742000000A2941A6D4230
:10A21000000040E59C30A2420000901EC4BCD64223
:10A2200000003426F56B0C430080E03779C34143CE
:10A2300000A0D8855734764300C84E676DC1AB4344
:10A24000003D9160E458E143408CB5781DAF154462
:10A2500050EFE2D6E41A4B4492D54D06CFF080443D
:10A26000F64AE1C7022DB544B49DD9794378EA4452
:10A2700000202020202020202020282828282820D6
:10A2800020202020202020202020202020202020CE
:10A290002088101010101010101010101010101036
:10A2A0001004040404040404040404101010101026
:10A2B00010104141414141410101010101010101F0
:10A2C0000101010101010101010101011010101042
:10A2D00010104242424242420202020202020202C2
:10A2E0000202020202020202020202021010101016
:10A2F000200000000000000000000000000000003E
:10A30000000000000000000000000000000000004D
:10A31000000000000000000000000000000000003D
:10A32000000000000000000000000000000000002D
:10A33000000000000000000000000000000000001D
:10A34000000000000000000000000000000000000D
:10A3500000000000000000000000000000000000FD
:10A3600000000000000000000000000000000000ED
:04A3700000000000E9
:08A37400DC5DFF7F0100000029
:04A37C00350100089F
:04A3800011010008BF
:10A3840000127A001000000001000000000000002C
:10A3940003000000980400201C00002000000000BE
:10A3A400980400200005002068050020000000003B
:10A3B4000000000000000000000000000000000099
:10A3C4000000000000000000000000000000000089
:10A3D4000000000000000000000000000000000079
:10A3E4000000000000000000430000000000000026
:10A3F4000000000000000000000000000000000059
:10A404000000000000000000430000000000000005
:10A414000000000000000000000000000000000038
:10A4240000000000000000004300000000000000E5
:10A434000000000000000000000000000000000018
:10A4440000000000000000004300000000000000C5
:10A4540000000000000000000000000000000000F8
:10A4640000000000000000004300000000000000A5
:10A4740000000000000000000000000000000000D8
:10A484000000000000000000430000000000000085
:10A4940000000000000000000000000000000000B8
:10A4A4000000000000000000430000000000000065
:10A4B4000000000000000000000000000000000098
:10A4C4000000000000000000659300080D910008E2
:10A4D4000000000070A2000832A100086FA100086B
:10A4E4006FA100086FA100086FA100086FA1000808
:10A4F4006FA100086FA100086FA100086FA10008F8
:10A50400FFFFFFFFFFFFFFFFFFFFFFFFFFFF000055
:10A5140001004153434949000000000000000000CD
:10A524000000000000000000000000000000000027
:10A5340000004153434949000000000000000000AE
:10A544000000000000000000000000000000000007
:04A554000000000003
:0400000508003601B8
:00000001FF
